uri:ID,label,:LABEL
Lem_KEMENTERIAN_HAK_ASASI_MANUSIA,KEMENTERIAN HAK ASASI MANUSIA,Lembaga
Lem_KEMENTERIAN_DESA_DAN_PEMBANGUNAN_DAERAH_TERTINGGAL,KEMENTERIAN DESA DAN PEMBANGUNAN DAERAH TERTINGGAL,Lembaga
Lem_KEMENTERIAN_KOORDINATOR_BIDANG_HUKUM_HAK_ASASI_MANUSIA_IMIGRASI_DAN_PEMASYARAKATAN,"KEMENTERIAN KOORDINATOR BIDANG HUKUM, HAK ASASI MANUSIA, IMIGRASI, DAN PEMASYARAKATAN",Lembaga
Lem_KEMENTERIAN_PERDAGANGAN,KEMENTERIAN PERDAGANGAN,Lembaga
Lem_KEMENTERIAN_KEUANGAN,KEMENTERIAN KEUANGAN,Lembaga
Lem_ARSIP_NASIONAL,ARSIP NASIONAL,Lembaga
Lem_PERPUSTAKAAN_NASIONAL,PERPUSTAKAAN NASIONAL,Lembaga
Lem_BADAN_SIBER_DAN_SANDI_NEGARA,BADAN SIBER DAN SANDI NEGARA,Lembaga
Lem_KEMENTERIAN_PEMUDA_DAN_OLAHRAGA_REPUBLIK_INDONESIA,KEMENTERIAN PEMUDA DAN OLAHRAGA REPUBLIK INDONESIA,Lembaga
Lem_KEMENTERIAN_KOORDINATOR_BIDANG_POLITIK_HUKUM_DAN_KEAMANAN,"KEMENTERIAN KOORDINATOR BIDANG POLITIK, HUKUM, DAN KEAMANAN",Lembaga
Lem_KEMENTERIAN_PARIWISATA_DAN_EKONOMI_KREATIF,KEMENTERIAN PARIWISATA DAN EKONOMI KREATIF,Lembaga
Lem_KEMENTERIAN_TRANSMIGRASI,KEMENTERIAN TRANSMIGRASI,Lembaga
Lem_KEMENTERIAN_SEKRETARIAT_NEGARA,KEMENTERIAN SEKRETARIAT NEGARA,Lembaga
Lem_KEMENTERIAN_KESEHATAN,KEMENTERIAN KESEHATAN,Lembaga
Lem_BADAN_STANDARDISASI_NASIONAL,BADAN STANDARDISASI NASIONAL,Lembaga
Lem_BADAN_PUSAT_STATISTIK,BADAN PUSAT STATISTIK,Lembaga
Lem_BADAN_KEPEGAWAIAN_NEGARA,BADAN KEPEGAWAIAN NEGARA,Lembaga
Lem_BADAN_PANGAN_NASIONAL,BADAN PANGAN NASIONAL,Lembaga
Lem_KOTA_SEMARANG,KOTA SEMARANG,Lembaga
Lem_PROVINSI_LAMPUNG,PROVINSI LAMPUNG,Lembaga
Lem_PEMERINTAH_PUSAT,PEMERINTAH PUSAT,Lembaga
Lem_KEMENTERIAN_KOORDINATOR_BIDANG_PEMBANGUNAN_MANUSIA_DAN_KEBUDAYAAN,KEMENTERIAN KOORDINATOR BIDANG PEMBANGUNAN MANUSIA DAN KEBUDAYAAN,Lembaga
Lem_KEMENTERIAN_KOPERASI_USAHA_KECIL_DAN_MENENGAH,"KEMENTERIAN KOPERASI, USAHA KECIL DAN MENENGAH",Lembaga
Lem_KEMENTERIAN_LUAR_NEGERI,KEMENTERIAN LUAR NEGERI,Lembaga
Lem_KOMISI_PEMILIHAN_UMUM,KOMISI PEMILIHAN UMUM,Lembaga
Lem_BADAN_NASIONAL_PENGELOLA_PERBATASAN,BADAN NASIONAL PENGELOLA PERBATASAN,Lembaga
Lem_KABUPATEN_PADANG_PARIAMAN,KABUPATEN PADANG PARIAMAN,Lembaga
Lem_PROVINSI_JAMBI,PROVINSI JAMBI,Lembaga
Lem_KABUPATEN_PAMEKASAN,KABUPATEN PAMEKASAN,Lembaga
Lem_BADAN_PENGAWAS_OBAT_DAN_MAKANAN,BADAN PENGAWAS OBAT DAN MAKANAN,Lembaga
Lem_KEMENTERIAN_KOORDINATOR_BIDANG_KEMARITIMAN_DAN_INVESTASI,KEMENTERIAN KOORDINATOR BIDANG KEMARITIMAN DAN INVESTASI,Lembaga
Lem_KEMENTERIAN_SOSIAL,KEMENTERIAN SOSIAL,Lembaga
Lem_KEMENTERIAN_PENDIDIKAN_KEBUDAYAAN_REPUBLIK_INDONESIASET_DAN_TEKNOLOGI,"KEMENTERIAN PENDIDIKAN, KEBUDAYAAN, REPUBLIK INDONESIASET, DAN TEKNOLOGI",Lembaga
Lem_KEMENTERIAN_DALAM_NEGERI,KEMENTERIAN DALAM NEGERI,Lembaga
Lem_KEMENTERIAN_PERINDUSTRIAN,KEMENTERIAN PERINDUSTRIAN,Lembaga
Lem_KEMENTERIAN_DESA_PEMBANGUNAN_DAERAH_TERTINGGAL_DAN_TRANSMIGRASI,"KEMENTERIAN DESA, PEMBANGUNAN DAERAH TERTINGGAL, DAN TRANSMIGRASI",Lembaga
Lem_KEMENTERIAN_HUKUM_DAN_HAK_ASASI_MANUSIA,KEMENTERIAN HUKUM DAN HAK ASASI MANUSIA,Lembaga
Lem_BADAN_PENGAWAS_TENAGA_NUKLIR,BADAN PENGAWAS TENAGA NUKLIR,Lembaga
Lem_KEJAKSAAN_AGUNG,KEJAKSAAN AGUNG,Lembaga
Lem_BADAN_NARKOTIKA_NASIONAL,BADAN NARKOTIKA NASIONAL,Lembaga
Lem_BADAN_INTELIGEN_NEGARA,BADAN INTELIGEN NEGARA,Lembaga
Lem_BADAN_PELINDUNGAN_PEKERJA_MIGRAN_INDONESIA,BADAN PELINDUNGAN PEKERJA MIGRAN INDONESIA,Lembaga
Lem_BADAN_METEOROLOGIKLIMATOLOGIDAN_GEOFISIKA,"BADAN METEOROLOGI,KLIMATOLOGI,DAN GEOFISIKA",Lembaga
Lem_KOMISI_PENGAWAS_PERSAINGAN_USAHA,KOMISI PENGAWAS PERSAINGAN USAHA,Lembaga
Lem_KABUPATEN_BREBES,KABUPATEN BREBES,Lembaga
Lem_KEMENTERIAN_PEKERJAAN_UMUM_DAN_PERUMAHAN_RAKYAT,KEMENTERIAN PEKERJAAN UMUM DAN PERUMAHAN RAKYAT,Lembaga
Lem_KEMENTERIAN_PERTAHANAN,KEMENTERIAN PERTAHANAN,Lembaga
Lem_KEMENTERIAN_KELAUTAN_DAN_PERIKANAN,KEMENTERIAN KELAUTAN DAN PERIKANAN,Lembaga
Lem_KEMENTERIAN_KETENAGAKERJAAN,KEMENTERIAN KETENAGAKERJAAN,Lembaga
Lem_KEMENTERIAN_PEMBERDAYAAN_PEREMPUAN_DAN_PERLINDUNGAN_ANAK,KEMENTERIAN PEMBERDAYAAN PEREMPUAN DAN PERLINDUNGAN ANAK,Lembaga
Lem_BADAN_NASIONAL_PENCARIAN_DAN_PERTOLONGAN,BADAN NASIONAL PENCARIAN DAN PERTOLONGAN,Lembaga
Lem_BADAN_AMIL_ZAKAT_NASIONAL,BADAN AMIL ZAKAT NASIONAL,Lembaga
Lem_BADAN_KEAMANAN_LAUT,BADAN KEAMANAN LAUT,Lembaga
Lem_KOMISI_NASIONAL_HAK_ASASI_MANUSIA,KOMISI NASIONAL HAK ASASI MANUSIA,Lembaga
Lem_BADAN_NASIONAL_PENANGGULANGAN_BENCANA,BADAN NASIONAL PENANGGULANGAN BENCANA,Lembaga
Lem_KABUPATEN_BONDOWOSO,KABUPATEN BONDOWOSO,Lembaga
Lem_KOTA_DEPOK,KOTA DEPOK,Lembaga
Lem_KEMENTERIAN_ENERGI_DAN_SUMBER_DAYA_MINERAL,KEMENTERIAN ENERGI DAN SUMBER DAYA MINERAL,Lembaga
Lem_KEMENTERIAN_AGRARIA_DAN_TATA_RUANGBADAN_PERTANAHAN_NASIONAL,KEMENTERIAN AGRARIA DAN TATA RUANG/BADAN PERTANAHAN NASIONAL,Lembaga
Lem_BADAN_PENGAWAS_PEMILIHAN_UMUM,BADAN PENGAWAS PEMILIHAN UMUM,Lembaga
Lem_LEMBAGA_PERLINDUNGAN_SAKSI_DAN_KORBAN,LEMBAGA PERLINDUNGAN SAKSI DAN KORBAN,Lembaga
Lem_BADAN_KOORDINASI_PENANAMAN_MODAL,BADAN KOORDINASI PENANAMAN MODAL,Lembaga
Lem_LEMBAGA_KEBIJAKAN_PENGADAAN_BARANGJASA_PEMERINTAH,LEMBAGA KEBIJAKAN PENGADAAN BARANG/JASA PEMERINTAH,Lembaga
Lem_KABUPATEN_LUMAJANG,KABUPATEN LUMAJANG,Lembaga
Lem_KEMENTERIAN_KOORDINATOR_BIDANG_PEREKONOMIAN,KEMENTERIAN KOORDINATOR BIDANG PEREKONOMIAN,Lembaga
Lem_KEMENTERIAN_PARIWISATA,KEMENTERIAN PARIWISATA,Lembaga
Lem_KEMENTERIAN_BADAN_USAHA_MILIK_NEGARA,KEMENTERIAN BADAN USAHA MILIK NEGARA,Lembaga
Lem_KEMENTERIAN_PERENCANAAN_PEMBANGUNAN_NASIONALBADAN_PERENCANAAN_PEMBANGUNAN_NASIONAL,KEMENTERIAN PERENCANAAN PEMBANGUNAN NASIONAL/BADAN PERENCANAAN PEMBANGUNAN NASIONAL,Lembaga
Lem_KEMENTERIAN_PENDIDIKAN_DAN_KEBUDAYAAN,KEMENTERIAN PENDIDIKAN DAN KEBUDAYAAN,Lembaga
Lem_KEMENTERIAN_LINGKUNGAN_HIDUP_DAN_KEHUTANAN,KEMENTERIAN LINGKUNGAN HIDUP DAN KEHUTANAN,Lembaga
Lem_BADAN_INFORMASI_GEOSPASIAL,BADAN INFORMASI GEOSPASIAL,Lembaga
Lem_KABUPATEN_BANDUNG_BARAT,KABUPATEN BANDUNG BARAT,Lembaga
Lem_KOTA_BANDUNG,KOTA BANDUNG,Lembaga
Lem_PROVINSI_KALIMANTAN_UTARA,PROVINSI KALIMANTAN UTARA,Lembaga
Lem_KOTA_CIREBON,KOTA CIREBON,Lembaga
Lem_KEMENTERIAN_PENDAYAGUNAAN_APARATUR_NEGARA_DAN_REFORMASI_BIROKRASI,KEMENTERIAN PENDAYAGUNAAN APARATUR NEGARA DAN REFORMASI BIROKRASI,Lembaga
Lem_KEMENTERIAN_KOORDINATOR_BIDANG_KEMARITIMAN,KEMENTERIAN KOORDINATOR BIDANG KEMARITIMAN,Lembaga
Lem_KEMENTERIAN_REPUBLIK_INDONESIASET_TEKNOLOGI_DAN_PENDIDIKAN_TINGGI,"KEMENTERIAN REPUBLIK INDONESIASET, TEKNOLOGI, DAN PENDIDIKAN TINGGI",Lembaga
Lem_KEMENTERIAN_PERHUBUNGAN,KEMENTERIAN PERHUBUNGAN,Lembaga
Lem_BADAN_EKONOMI_KREATIF,BADAN EKONOMI KREATIF,Lembaga
Lem_LEMBAGA_PENERBANGAN_DAN_ANTARIKSA_NASIONAL,LEMBAGA PENERBANGAN DAN ANTARIKSA NASIONAL,Lembaga
Lem_KOMISI_PEMBERANTASAN_KORUPSI,KOMISI PEMBERANTASAN KORUPSI,Lembaga
Lem_KOTA_BOGOR,KOTA BOGOR,Lembaga
Lem_KOTA_BANJARBARU,KOTA BANJARBARU,Lembaga
Lem_KABUPATEN_BLORA,KABUPATEN BLORA,Lembaga
Lem_KABUPATEN_LUWU_TIMUR,KABUPATEN LUWU TIMUR,Lembaga
Lem_KABUPATEN_BLITAR,KABUPATEN BLITAR,Lembaga
Lem_KEMENTERIAN_PERTANIAN,KEMENTERIAN PERTANIAN,Lembaga
Lem_LEMBAGA_SANDI_NEGARA,LEMBAGA SANDI NEGARA,Lembaga
Lem_BADAN_TENAGA_NUKLIR_NASIONAL,BADAN TENAGA NUKLIR NASIONAL,Lembaga
Lem_BADAN_NASIONAL_PENANGGULANGAN_TERORISME,BADAN NASIONAL PENANGGULANGAN TERORISME,Lembaga
Lem_PUSAT_PELAPORAN_DAN_ANALISIS_TRANSAKSI_KEUANGAN,PUSAT PELAPORAN DAN ANALISIS TRANSAKSI KEUANGAN,Lembaga
Lem_PROVINSI_DKI_JAKARTA,PROVINSI DKI JAKARTA,Lembaga
Lem_KEMENTERIAN_KOMUNIKASI_DAN_INFORMATIKA,KEMENTERIAN KOMUNIKASI DAN INFORMATIKA,Lembaga
Lem_LEMBAGA_ADMINISTRASI_NEGARA,LEMBAGA ADMINISTRASI NEGARA,Lembaga
Lem_BADAN_PENGAWASAN_KEUANGAN_DAN_PEMBANGUNAN,BADAN PENGAWASAN KEUANGAN DAN PEMBANGUNAN,Lembaga
Lem_KOTA_TASIKMALAYA,KOTA TASIKMALAYA,Lembaga
Lem_KOTA_PANGKAL_PINANG,KOTA PANGKAL PINANG,Lembaga
Lem_KABUPATEN_INDRAMAYU,KABUPATEN INDRAMAYU,Lembaga
Lem_KEMENTERIAN_KEHUTANAN,KEMENTERIAN KEHUTANAN,Lembaga
Lem_KEMENTERIAN_KOORDINATOR_BIDANG_KESEJAHTERAAN_RAKYAT,KEMENTERIAN KOORDINATOR BIDANG KESEJAHTERAAN RAKYAT,Lembaga
Lem_LEMBAGA_ILMU_PENGETAHUAN_INDONESIA,LEMBAGA ILMU PENGETAHUAN INDONESIA,Lembaga
Lem_PROVINSI_SUMATERA_SELATAN,PROVINSI SUMATERA SELATAN,Lembaga
Lem_PROVINSI_BANTEN,PROVINSI BANTEN,Lembaga
Lem_KABUPATEN_TANJUNG_JABUNG_TIMUR,KABUPATEN TANJUNG JABUNG TIMUR,Lembaga
Lem_KABUPATEN_GARUT,KABUPATEN GARUT,Lembaga
Lem_KABUPATEN_BADUNG,KABUPATEN BADUNG,Lembaga
Lem_KEMENTERIAN_NEGARA_PERUMAHAN_RAKYAT,KEMENTERIAN NEGARA PERUMAHAN RAKYAT,Lembaga
Lem_PROVINSI_SUMATERA_BARAT,PROVINSI SUMATERA BARAT,Lembaga
Lem_PROVINSI_JAWA_BARAT,PROVINSI JAWA BARAT,Lembaga
Lem_KEMENTERIAN_PENDIDIKAN_NASIONAL,KEMENTERIAN PENDIDIKAN NASIONAL,Lembaga
Lem_KOTA_BANJARMASIN,KOTA BANJARMASIN,Lembaga
Lem_PROVINSI_SULAWESI_SELATAN,PROVINSI SULAWESI SELATAN,Lembaga
Lem_PROVINSI_BANGKA_BELITUNG,PROVINSI BANGKA BELITUNG,Lembaga
Lem_PROVINSI_KALIMANTAN_TIMUR,PROVINSI KALIMANTAN TIMUR,Lembaga
Lem_KEPOLISIAN_NEGARA_REPUBLIK_INDONESIA,KEPOLISIAN NEGARA REPUBLIK INDONESIA,Lembaga
Lem_KABUPATEN_PURWAKARTA,KABUPATEN PURWAKARTA,Lembaga
Lem_KABUPATEN_GRESIK,KABUPATEN GRESIK,Lembaga
Lem_KABUPATEN_MUSI_RAWAS,KABUPATEN MUSI RAWAS,Lembaga
Lem_PROVINSI_JAWA_TENGAH,PROVINSI JAWA TENGAH,Lembaga
Lem_KOTA_CILEGON,KOTA CILEGON,Lembaga
Lem_KABUPATEN_ACEH_UTARA,KABUPATEN ACEH UTARA,Lembaga
Lem_KABUPATEN_TANAH_BUMBU,KABUPATEN TANAH BUMBU,Lembaga
Lem_KABUPATEN_PURBALINGGA,KABUPATEN PURBALINGGA,Lembaga
Lem_KABUPATEN_BANYUMAS,KABUPATEN BANYUMAS,Lembaga
Lem_KABUPATEN_MAGELANG,KABUPATEN MAGELANG,Lembaga
Lem_KOTA_MADIUN,KOTA MADIUN,Lembaga
Lem_KABUPATEN_TANGGAMUS,KABUPATEN TANGGAMUS,Lembaga
Lem_KABUPATEN_JAYAPURA,KABUPATEN JAYAPURA,Lembaga
Lem_PROVINSI_NANGGROE_ACEH_DARUSSALAM,PROVINSI NANGGROE ACEH DARUSSALAM,Lembaga
Lem_KABUPATEN_BANTUL,KABUPATEN BANTUL,Lembaga
Lem_PROVINSI_DI_YOGYAKARTA,PROVINSI DI YOGYAKARTA,Lembaga
Lem_PROVINSI_NUSA_TENGGARA_TIMUR,PROVINSI NUSA TENGGARA TIMUR,Lembaga
