uri:ID,iso,label,:LABEL
Tgl_2025-07-08,2025-07-08,2025-07-08,Tanggal
Tgl_2025-03-25,2025-03-25,2025-03-25,Tanggal
Tgl_2025-02-11,2025-02-11,2025-02-11,Tanggal
Tgl_2025-07-31,2025-07-31,2025-07-31,Tanggal
Tgl_2025-03-10,2025-03-10,2025-03-10,Tanggal
Tgl_2025-08-01,2025-08-01,2025-08-01,Tanggal
Tgl_2025-03-21,2025-03-21,2025-03-21,Tanggal
Tgl_2025-05-28,2025-05-28,2025-05-28,Tanggal
Tgl_2025-02-12,2025-02-12,2025-02-12,Tanggal
Tgl_2025-03-07,2025-03-07,2025-03-07,Tanggal
Tgl_2024-11-14,2024-11-14,2024-11-14,Tanggal
Tgl_2024-01-12,2024-01-12,2024-01-12,Tanggal
Tgl_2024-05-06,2024-05-06,2024-05-06,Tanggal
Tgl_2024-12-20,2024-12-20,2024-12-20,Tanggal
Tgl_2024-10-14,2024-10-14,2024-10-14,Tanggal
Tgl_2024-04-02,2024-04-02,2024-04-02,Tanggal
Tgl_2024-05-28,2024-05-28,2024-05-28,Tanggal
Tgl_2024-01-16,2024-01-16,2024-01-16,Tanggal
Tgl_2024-02-12,2024-02-12,2024-02-12,Tanggal
Tgl_2024-12-31,2024-12-31,2024-12-31,Tanggal
Tgl_2024-02-20,2024-02-20,2024-02-20,Tanggal
Tgl_2024-06-04,2024-06-04,2024-06-04,Tanggal
Tgl_2024-08-16,2024-08-16,2024-08-16,Tanggal
Tgl_2024-01-10,2024-01-10,2024-01-10,Tanggal
Tgl_2023-04-17,2023-04-17,2023-04-17,Tanggal
Tgl_2023-05-04,2023-05-04,2023-05-04,Tanggal
Tgl_2023-09-14,2023-09-14,2023-09-14,Tanggal
Tgl_2023-06-27,2023-06-27,2023-06-27,Tanggal
Tgl_2023-05-05,2023-05-05,2023-05-05,Tanggal
Tgl_2023-05-09,2023-05-09,2023-05-09,Tanggal
Tgl_2023-08-31,2023-08-31,2023-08-31,Tanggal
Tgl_2023-04-18,2023-04-18,2023-04-18,Tanggal
Tgl_2023-03-24,2023-03-24,2023-03-24,Tanggal
Tgl_2023-07-04,2023-07-04,2023-07-04,Tanggal
Tgl_2023-02-15,2023-02-15,2023-02-15,Tanggal
Tgl_2023-03-03,2023-03-03,2023-03-03,Tanggal
Tgl_2022-03-14,2022-03-14,2022-03-14,Tanggal
Tgl_2022-06-16,2022-06-16,2022-06-16,Tanggal
Tgl_2022-01-17,2022-01-17,2022-01-17,Tanggal
Tgl_2022-04-28,2022-04-28,2022-04-28,Tanggal
Tgl_2022-09-08,2022-09-08,2022-09-08,Tanggal
Tgl_2022-09-23,2022-09-23,2022-09-23,Tanggal
Tgl_2022-12-09,2022-12-09,2022-12-09,Tanggal
Tgl_2022-12-30,2022-12-30,2022-12-30,Tanggal
Tgl_2022-02-15,2022-02-15,2022-02-15,Tanggal
Tgl_2022-12-20,2022-12-20,2022-12-20,Tanggal
Tgl_2022-10-31,2022-10-31,2022-10-31,Tanggal
Tgl_2022-01-13,2022-01-13,2022-01-13,Tanggal
Tgl_2022-08-10,2022-08-10,2022-08-10,Tanggal
Tgl_2022-12-12,2022-12-12,2022-12-12,Tanggal
Tgl_2022-11-23,2022-11-23,2022-11-23,Tanggal
Tgl_2022-11-01,2022-11-01,2022-11-01,Tanggal
Tgl_2022-06-23,2022-06-23,2022-06-23,Tanggal
Tgl_2022-10-05,2022-10-05,2022-10-05,Tanggal
Tgl_2022-12-27,2022-12-27,2022-12-27,Tanggal
Tgl_2022-01-26,2022-01-26,2022-01-26,Tanggal
Tgl_2022-01-20,2022-01-20,2022-01-20,Tanggal
Tgl_2022-11-14,2022-11-14,2022-11-14,Tanggal
Tgl_2022-03-04,2022-03-04,2022-03-04,Tanggal
Tgl_2022-12-13,2022-12-13,2022-12-13,Tanggal
Tgl_2022-12-29,2022-12-29,2022-12-29,Tanggal
Tgl_2022-08-22,2022-08-22,2022-08-22,Tanggal
Tgl_2022-11-21,2022-11-21,2022-11-21,Tanggal
Tgl_2021-10-25,2021-10-25,2021-10-25,Tanggal
Tgl_2021-08-10,2021-08-10,2021-08-10,Tanggal
Tgl_2021-10-19,2021-10-19,2021-10-19,Tanggal
Tgl_2021-10-07,2021-10-07,2021-10-07,Tanggal
Tgl_2021-06-02,2021-06-02,2021-06-02,Tanggal
Tgl_2021-12-02,2021-12-02,2021-12-02,Tanggal
Tgl_2021-02-19,2021-02-19,2021-02-19,Tanggal
Tgl_2021-03-22,2021-03-22,2021-03-22,Tanggal
Tgl_2021-12-31,2021-12-31,2021-12-31,Tanggal
Tgl_2021-12-29,2021-12-29,2021-12-29,Tanggal
Tgl_2021-12-30,2021-12-30,2021-12-30,Tanggal
Tgl_2021-07-01,2021-07-01,2021-07-01,Tanggal
Tgl_2021-12-28,2021-12-28,2021-12-28,Tanggal
Tgl_2021-12-24,2021-12-24,2021-12-24,Tanggal
Tgl_2021-12-14,2021-12-14,2021-12-14,Tanggal
Tgl_2021-12-10,2021-12-10,2021-12-10,Tanggal
Tgl_2021-03-30,2021-03-30,2021-03-30,Tanggal
Tgl_2021-04-14,2021-04-14,2021-04-14,Tanggal
Tgl_1970-01-01,1970-01-01,1970-01-01,Tanggal
Tgl_2020-02-12,2020-02-12,2020-02-12,Tanggal
Tgl_2020-07-15,2020-07-15,2020-07-15,Tanggal
Tgl_2020-09-25,2020-09-25,2020-09-25,Tanggal
Tgl_2020-01-28,2020-01-28,2020-01-28,Tanggal
Tgl_2020-09-24,2020-09-24,2020-09-24,Tanggal
Tgl_2020-02-11,2020-02-11,2020-02-11,Tanggal
Tgl_2020-08-06,2020-08-06,2020-08-06,Tanggal
Tgl_2020-12-30,2020-12-30,2020-12-30,Tanggal
Tgl_2020-10-27,2020-10-27,2020-10-27,Tanggal
Tgl_2020-06-10,2020-06-10,2020-06-10,Tanggal
Tgl_2020-06-11,2020-06-11,2020-06-11,Tanggal
Tgl_2020-12-11,2020-12-11,2020-12-11,Tanggal
Tgl_2020-09-22,2020-09-22,2020-09-22,Tanggal
Tgl_2020-09-14,2020-09-14,2020-09-14,Tanggal
Tgl_2020-08-31,2020-08-31,2020-08-31,Tanggal
Tgl_2019-03-22,2019-03-22,2019-03-22,Tanggal
Tgl_2019-12-17,2019-12-17,2019-12-17,Tanggal
Tgl_2019-10-21,2019-10-21,2019-10-21,Tanggal
Tgl_2019-10-16,2019-10-16,2019-10-16,Tanggal
Tgl_2019-05-15,2019-05-15,2019-05-15,Tanggal
Tgl_2019-10-09,2019-10-09,2019-10-09,Tanggal
Tgl_2019-08-05,2019-08-05,2019-08-05,Tanggal
Tgl_2019-09-13,2019-09-13,2019-09-13,Tanggal
Tgl_2019-10-08,2019-10-08,2019-10-08,Tanggal
Tgl_2019-09-20,2019-09-20,2019-09-20,Tanggal
Tgl_2019-12-23,2019-12-23,2019-12-23,Tanggal
Tgl_2019-10-25,2019-10-25,2019-10-25,Tanggal
Tgl_2019-05-20,2019-05-20,2019-05-20,Tanggal
Tgl_2019-10-22,2019-10-22,2019-10-22,Tanggal
Tgl_2019-10-14,2019-10-14,2019-10-14,Tanggal
Tgl_2019-04-10,2019-04-10,2019-04-10,Tanggal
Tgl_2019-08-06,2019-08-06,2019-08-06,Tanggal
Tgl_2019-05-17,2019-05-17,2019-05-17,Tanggal
Tgl_2019-09-05,2019-09-05,2019-09-05,Tanggal
Tgl_2019-03-28,2019-03-28,2019-03-28,Tanggal
Tgl_2019-12-19,2019-12-19,2019-12-19,Tanggal
Tgl_2019-09-18,2019-09-18,2019-09-18,Tanggal
Tgl_2019-07-31,2019-07-31,2019-07-31,Tanggal
Tgl_2019-06-19,2019-06-19,2019-06-19,Tanggal
Tgl_2019-03-26,2019-03-26,2019-03-26,Tanggal
Tgl_2019-01-25,2019-01-25,2019-01-25,Tanggal
Tgl_2019-03-14,2019-03-14,2019-03-14,Tanggal
Tgl_2019-07-08,2019-07-08,2019-07-08,Tanggal
Tgl_2019-02-28,2019-02-28,2019-02-28,Tanggal
Tgl_2019-04-23,2019-04-23,2019-04-23,Tanggal
Tgl_2019-05-31,2019-05-31,2019-05-31,Tanggal
Tgl_2019-07-22,2019-07-22,2019-07-22,Tanggal
Tgl_2019-08-21,2019-08-21,2019-08-21,Tanggal
Tgl_2018-01-19,2018-01-19,2018-01-19,Tanggal
Tgl_2018-04-10,2018-04-10,2018-04-10,Tanggal
Tgl_2018-04-27,2018-04-27,2018-04-27,Tanggal
Tgl_2018-05-14,2018-05-14,2018-05-14,Tanggal
Tgl_2018-05-23,2018-05-23,2018-05-23,Tanggal
Tgl_2018-06-26,2018-06-26,2018-06-26,Tanggal
Tgl_2018-07-02,2018-07-02,2018-07-02,Tanggal
Tgl_2018-06-18,2018-06-18,2018-06-18,Tanggal
Tgl_2018-07-03,2018-07-03,2018-07-03,Tanggal
Tgl_2018-07-23,2018-07-23,2018-07-23,Tanggal
Tgl_2018-08-09,2018-08-09,2018-08-09,Tanggal
Tgl_2018-08-14,2018-08-14,2018-08-14,Tanggal
Tgl_2018-10-10,2018-10-10,2018-10-10,Tanggal
Tgl_2018-09-26,2018-09-26,2018-09-26,Tanggal
Tgl_2018-11-27,2018-11-27,2018-11-27,Tanggal
Tgl_2018-12-07,2018-12-07,2018-12-07,Tanggal
Tgl_2018-12-12,2018-12-12,2018-12-12,Tanggal
Tgl_2018-12-20,2018-12-20,2018-12-20,Tanggal
Tgl_2018-01-10,2018-01-10,2018-01-10,Tanggal
Tgl_2018-02-19,2018-02-19,2018-02-19,Tanggal
Tgl_2018-02-02,2018-02-02,2018-02-02,Tanggal
Tgl_2018-02-20,2018-02-20,2018-02-20,Tanggal
Tgl_2018-02-26,2018-02-26,2018-02-26,Tanggal
Tgl_2018-04-04,2018-04-04,2018-04-04,Tanggal
Tgl_2018-04-19,2018-04-19,2018-04-19,Tanggal
Tgl_2018-05-31,2018-05-31,2018-05-31,Tanggal
Tgl_2018-07-31,2018-07-31,2018-07-31,Tanggal
Tgl_2018-07-18,2018-07-18,2018-07-18,Tanggal
Tgl_2018-06-28,2018-06-28,2018-06-28,Tanggal
Tgl_2018-11-28,2018-11-28,2018-11-28,Tanggal
Tgl_2018-12-13,2018-12-13,2018-12-13,Tanggal
Tgl_2018-12-18,2018-12-18,2018-12-18,Tanggal
Tgl_2018-12-31,2018-12-31,2018-12-31,Tanggal
Tgl_2018-06-29,2018-06-29,2018-06-29,Tanggal
Tgl_2018-05-15,2018-05-15,2018-05-15,Tanggal
Tgl_2018-06-27,2018-06-27,2018-06-27,Tanggal
Tgl_2018-10-16,2018-10-16,2018-10-16,Tanggal
Tgl_2018-09-28,2018-09-28,2018-09-28,Tanggal
Tgl_2018-11-16,2018-11-16,2018-11-16,Tanggal
Tgl_2017-01-06,2017-01-06,2017-01-06,Tanggal
Tgl_2017-01-12,2017-01-12,2017-01-12,Tanggal
Tgl_2017-02-16,2017-02-16,2017-02-16,Tanggal
Tgl_2017-03-03,2017-03-03,2017-03-03,Tanggal
Tgl_2017-03-08,2017-03-08,2017-03-08,Tanggal
Tgl_2017-04-03,2017-04-03,2017-04-03,Tanggal
Tgl_2017-04-07,2017-04-07,2017-04-07,Tanggal
Tgl_2017-04-12,2017-04-12,2017-04-12,Tanggal
Tgl_2017-05-23,2017-05-23,2017-05-23,Tanggal
Tgl_2017-07-21,2017-07-21,2017-07-21,Tanggal
Tgl_2017-10-09,2017-10-09,2017-10-09,Tanggal
Tgl_2017-11-21,2017-11-21,2017-11-21,Tanggal
Tgl_2017-12-28,2017-12-28,2017-12-28,Tanggal
Tgl_2017-12-29,2017-12-29,2017-12-29,Tanggal
Tgl_2017-12-21,2017-12-21,2017-12-21,Tanggal
Tgl_2018-01-08,2018-01-08,2018-01-08,Tanggal
Tgl_2017-01-11,2017-01-11,2017-01-11,Tanggal
Tgl_2017-02-08,2017-02-08,2017-02-08,Tanggal
Tgl_2017-02-10,2017-02-10,2017-02-10,Tanggal
Tgl_2017-02-13,2017-02-13,2017-02-13,Tanggal
Tgl_2017-02-20,2017-02-20,2017-02-20,Tanggal
Tgl_2017-03-16,2017-03-16,2017-03-16,Tanggal
Tgl_2017-04-21,2017-04-21,2017-04-21,Tanggal
Tgl_2017-05-08,2017-05-08,2017-05-08,Tanggal
Tgl_2017-07-11,2017-07-11,2017-07-11,Tanggal
Tgl_2017-07-05,2017-07-05,2017-07-05,Tanggal
Tgl_2017-07-19,2017-07-19,2017-07-19,Tanggal
Tgl_2017-08-04,2017-08-04,2017-08-04,Tanggal
Tgl_2017-08-03,2017-08-03,2017-08-03,Tanggal
Tgl_2017-08-14,2017-08-14,2017-08-14,Tanggal
Tgl_2017-08-29,2017-08-29,2017-08-29,Tanggal
Tgl_2017-10-10,2017-10-10,2017-10-10,Tanggal
Tgl_2017-10-19,2017-10-19,2017-10-19,Tanggal
Tgl_2017-10-31,2017-10-31,2017-10-31,Tanggal
Tgl_2017-11-22,2017-11-22,2017-11-22,Tanggal
Tgl_2017-12-19,2017-12-19,2017-12-19,Tanggal
Tgl_2017-11-28,2017-11-28,2017-11-28,Tanggal
Tgl_2018-01-16,2018-01-16,2018-01-16,Tanggal
Tgl_2017-10-11,2017-10-11,2017-10-11,Tanggal
Tgl_2016-01-12,2016-01-12,2016-01-12,Tanggal
Tgl_2016-02-22,2016-02-22,2016-02-22,Tanggal
Tgl_2016-04-29,2016-04-29,2016-04-29,Tanggal
Tgl_2016-06-08,2016-06-08,2016-06-08,Tanggal
Tgl_2016-08-30,2016-08-30,2016-08-30,Tanggal
Tgl_2016-12-08,2016-12-08,2016-12-08,Tanggal
Tgl_2016-04-04,2016-04-04,2016-04-04,Tanggal
Tgl_2016-12-30,2016-12-30,2016-12-30,Tanggal
Tgl_2016-12-29,2016-12-29,2016-12-29,Tanggal
Tgl_2016-03-21,2016-03-21,2016-03-21,Tanggal
Tgl_2016-09-01,2016-09-01,2016-09-01,Tanggal
Tgl_2016-09-16,2016-09-16,2016-09-16,Tanggal
Tgl_2016-10-06,2016-10-06,2016-10-06,Tanggal
Tgl_2016-06-27,2016-06-27,2016-06-27,Tanggal
Tgl_2016-08-29,2016-08-29,2016-08-29,Tanggal
Tgl_2016-01-15,2016-01-15,2016-01-15,Tanggal
Tgl_2016-01-18,2016-01-18,2016-01-18,Tanggal
Tgl_2016-02-03,2016-02-03,2016-02-03,Tanggal
Tgl_2016-02-09,2016-02-09,2016-02-09,Tanggal
Tgl_2016-02-17,2016-02-17,2016-02-17,Tanggal
Tgl_2016-02-24,2016-02-24,2016-02-24,Tanggal
Tgl_2016-02-29,2016-02-29,2016-02-29,Tanggal
Tgl_2016-03-24,2016-03-24,2016-03-24,Tanggal
Tgl_2016-05-03,2016-05-03,2016-05-03,Tanggal
Tgl_2016-06-14,2016-06-14,2016-06-14,Tanggal
Tgl_2016-10-25,2016-10-25,2016-10-25,Tanggal
Tgl_2016-11-07,2016-11-07,2016-11-07,Tanggal
Tgl_2016-11-09,2016-11-09,2016-11-09,Tanggal
Tgl_2016-11-22,2016-11-22,2016-11-22,Tanggal
Tgl_2016-11-21,2016-11-21,2016-11-21,Tanggal
Tgl_2016-11-24,2016-11-24,2016-11-24,Tanggal
Tgl_2016-12-23,2016-12-23,2016-12-23,Tanggal
Tgl_2016-11-14,2016-11-14,2016-11-14,Tanggal
Tgl_2016-06-06,2016-06-06,2016-06-06,Tanggal
Tgl_2016-08-26,2016-08-26,2016-08-26,Tanggal
Tgl_2016-09-02,2016-09-02,2016-09-02,Tanggal
Tgl_2016-09-08,2016-09-08,2016-09-08,Tanggal
Tgl_2016-09-29,2016-09-29,2016-09-29,Tanggal
Tgl_2025-06-08,2025-06-08,2025-06-08,Tanggal
Tgl_2015-03-31,2015-03-31,2015-03-31,Tanggal
Tgl_2015-07-09,2015-07-09,2015-07-09,Tanggal
Tgl_2015-08-28,2015-08-28,2015-08-28,Tanggal
Tgl_2015-02-20,2015-02-20,2015-02-20,Tanggal
Tgl_2015-06-16,2015-06-16,2015-06-16,Tanggal
Tgl_2015-08-26,2015-08-26,2015-08-26,Tanggal
Tgl_2016-01-13,2016-01-13,2016-01-13,Tanggal
Tgl_2015-04-16,2015-04-16,2015-04-16,Tanggal
Tgl_2015-04-30,2015-04-30,2015-04-30,Tanggal
Tgl_2015-06-10,2015-06-10,2015-06-10,Tanggal
Tgl_2015-04-21,2015-04-21,2015-04-21,Tanggal
Tgl_2015-02-03,2015-02-03,2015-02-03,Tanggal
Tgl_2015-03-10,2015-03-10,2015-03-10,Tanggal
Tgl_2015-01-26,2015-01-26,2015-01-26,Tanggal
Tgl_2015-08-06,2015-08-06,2015-08-06,Tanggal
Tgl_2015-05-07,2015-05-07,2015-05-07,Tanggal
Tgl_2015-02-27,2015-02-27,2015-02-27,Tanggal
Tgl_2015-07-01,2015-07-01,2015-07-01,Tanggal
Tgl_2015-09-16,2015-09-16,2015-09-16,Tanggal
Tgl_2015-09-25,2015-09-25,2015-09-25,Tanggal
Tgl_2015-09-30,2015-09-30,2015-09-30,Tanggal
Tgl_2015-10-21,2015-10-21,2015-10-21,Tanggal
Tgl_2015-12-04,2015-12-04,2015-12-04,Tanggal
Tgl_2015-12-28,2015-12-28,2015-12-28,Tanggal
Tgl_2015-12-31,2015-12-31,2015-12-31,Tanggal
Tgl_2016-01-14,2016-01-14,2016-01-14,Tanggal
Tgl_2015-07-28,2015-07-28,2015-07-28,Tanggal
Tgl_2015-10-27,2015-10-27,2015-10-27,Tanggal
Tgl_2014-02-19,2014-02-19,2014-02-19,Tanggal
Tgl_2014-06-03,2014-06-03,2014-06-03,Tanggal
Tgl_2014-07-11,2014-07-11,2014-07-11,Tanggal
Tgl_2014-07-18,2014-07-18,2014-07-18,Tanggal
Tgl_2014-10-17,2014-10-17,2014-10-17,Tanggal
Tgl_2014-12-31,2014-12-31,2014-12-31,Tanggal
Tgl_2014-10-15,2014-10-15,2014-10-15,Tanggal
Tgl_2014-08-12,2014-08-12,2014-08-12,Tanggal
Tgl_2014-09-11,2014-09-11,2014-09-11,Tanggal
Tgl_2014-12-05,2014-12-05,2014-12-05,Tanggal
Tgl_2014-04-02,2014-04-02,2014-04-02,Tanggal
Tgl_2014-11-18,2014-11-18,2014-11-18,Tanggal
Tgl_2014-01-11,2014-01-11,2014-01-11,Tanggal
Tgl_2014-03-13,2014-03-13,2014-03-13,Tanggal
Tgl_2014-04-01,2014-04-01,2014-04-01,Tanggal
Tgl_2014-04-17,2014-04-17,2014-04-17,Tanggal
Tgl_2014-05-19,2014-05-19,2014-05-19,Tanggal
Tgl_2014-10-30,2014-10-30,2014-10-30,Tanggal
Tgl_2014-10-16,2014-10-16,2014-10-16,Tanggal
Tgl_2014-08-13,2014-08-13,2014-08-13,Tanggal
Tgl_2014-07-23,2014-07-23,2014-07-23,Tanggal
Tgl_2013-12-13,2013-12-13,2013-12-13,Tanggal
Tgl_2013-10-16,2013-10-16,2013-10-16,Tanggal
Tgl_2013-12-30,2013-12-30,2013-12-30,Tanggal
Tgl_2013-09-05,2013-09-05,2013-09-05,Tanggal
Tgl_2013-07-05,2013-07-05,2013-07-05,Tanggal
Tgl_2013-07-09,2013-07-09,2013-07-09,Tanggal
Tgl_2013-02-15,2013-02-15,2013-02-15,Tanggal
Tgl_2014-01-22,2014-01-22,2014-01-22,Tanggal
Tgl_2014-02-06,2014-02-06,2014-02-06,Tanggal
Tgl_2013-10-02,2013-10-02,2013-10-02,Tanggal
Tgl_2013-05-01,2013-05-01,2013-05-01,Tanggal
Tgl_2013-11-20,2013-11-20,2013-11-20,Tanggal
Tgl_2013-12-09,2013-12-09,2013-12-09,Tanggal
Tgl_2013-11-01,2013-11-01,2013-11-01,Tanggal
Tgl_2013-04-12,2013-04-12,2013-04-12,Tanggal
Tgl_2013-04-18,2013-04-18,2013-04-18,Tanggal
Tgl_2013-09-30,2013-09-30,2013-09-30,Tanggal
Tgl_2012-05-14,2012-05-14,2012-05-14,Tanggal
Tgl_2012-07-06,2012-07-06,2012-07-06,Tanggal
Tgl_2012-12-19,2012-12-19,2012-12-19,Tanggal
Tgl_2012-11-01,2012-11-01,2012-11-01,Tanggal
Tgl_2012-12-18,2012-12-18,2012-12-18,Tanggal
Tgl_2012-09-06,2012-09-06,2012-09-06,Tanggal
Tgl_2012-08-08,2012-08-08,2012-08-08,Tanggal
Tgl_2012-05-08,2012-05-08,2012-05-08,Tanggal
Tgl_2012-12-28,2012-12-28,2012-12-28,Tanggal
Tgl_2012-04-23,2012-04-23,2012-04-23,Tanggal
Tgl_2012-12-20,2012-12-20,2012-12-20,Tanggal
Tgl_2012-02-20,2012-02-20,2012-02-20,Tanggal
Tgl_2013-11-02,2013-11-02,2013-11-02,Tanggal
Tgl_2013-02-11,2013-02-11,2013-02-11,Tanggal
Tgl_2013-02-28,2013-02-28,2013-02-28,Tanggal
Tgl_2012-02-27,2012-02-27,2012-02-27,Tanggal
Tgl_2012-04-12,2012-04-12,2012-04-12,Tanggal
Tgl_2012-11-19,2012-11-19,2012-11-19,Tanggal
Tgl_2011-09-13,2011-09-13,2011-09-13,Tanggal
Tgl_2011-12-22,2011-12-22,2011-12-22,Tanggal
Tgl_2011-07-06,2011-07-06,2011-07-06,Tanggal
Tgl_2011-09-21,2011-09-21,2011-09-21,Tanggal
Tgl_2014-10-14,2014-10-14,2014-10-14,Tanggal
Tgl_2010-11-22,2010-11-22,2010-11-22,Tanggal
Tgl_2010-07-20,2010-07-20,2010-07-20,Tanggal
Tgl_2010-12-31,2010-12-31,2010-12-31,Tanggal
Tgl_2010-12-30,2010-12-30,2010-12-30,Tanggal
Tgl_2010-04-13,2010-04-13,2010-04-13,Tanggal
Tgl_2009-02-06,2009-02-06,2009-02-06,Tanggal
Tgl_2009-05-22,2009-05-22,2009-05-22,Tanggal
Tgl_2007-09-28,2007-09-28,2007-09-28,Tanggal
Tgl_2005-10-25,2005-10-25,2005-10-25,Tanggal
Tgl_2004-10-18,2004-10-18,2004-10-18,Tanggal
Tgl_2004-08-20,2004-08-20,2004-08-20,Tanggal
Tgl_1971-05-18,1971-05-18,1971-05-18,Tanggal
Tgl_1961-12-26,1961-12-26,1961-12-26,Tanggal
