:START_ID,:END_ID,:TYPE,source
ARS-0001,Kat_KA,mengatur,Stage3A
ARS-0001,Pej_NATALIUS_PIGAI,ditetapkanOleh,Stage3A
ARS-0001,Tgl_2025-07-08,berlakuPada,Stage3A
Lem_KEMENTERIAN_HAK_ASASI_MANUSIA,ARS-0001,menerbitkan,Stage3A
ARS-0002,Kat_KA,mengatur,Stage3A
ARS-0002,Pej_YANDRI_SUSANTO,ditetapkanOleh,Stage3A
ARS-0002,Tgl_2025-03-25,berlakuPada,Stage3A
Lem_KEMENTERIAN_DESA_DAN_PEMBANGUNAN_DAERAH_TERTINGGAL,ARS-0002,menerbitkan,Stage3A
Lem_KEMENTERIAN_DESA_DAN_PEMBANGUNAN_DAERAH_TERTINGGAL,ARS-0004,menerbitkan,Stage3A
ARS-0003,Kat_KA,mengatur,Stage3A
ARS-0003,Pej_YUSRIL_IHZA_MAHENDRA,ditetapkanOleh,Stage3A
ARS-0003,Tgl_2025-02-11,berlakuPada,Stage3A
Lem_KEMENTERIAN_KOORDINATOR_BIDANG_HUKUM_HAK_ASASI_MANUSIA_IMIGRASI_DAN_PEMASYARAKATAN,ARS-0003,menerbitkan,Stage3A
ARS-0004,Kat_SKKAAD,mengatur,Stage3A
ARS-0004,Pej_YANDRI_SUSANTO,ditetapkanOleh,Stage3A
ARS-0004,Tgl_2025-07-31,berlakuPada,Stage3A
ARS-0005,Kat_JRA,mengatur,Stage3A
ARS-0005,Pej_BUDI_SANTOSO,ditetapkanOleh,Stage3A
ARS-0005,Tgl_2025-03-10,berlakuPada,Stage3A
Lem_KEMENTERIAN_PERDAGANGAN,ARS-0005,menerbitkan,Stage3A
Lem_KEMENTERIAN_PERDAGANGAN,ARS-0055,menerbitkan,Stage3A
Lem_KEMENTERIAN_PERDAGANGAN,ARS-0059,menerbitkan,Stage3A
Lem_KEMENTERIAN_PERDAGANGAN,ARS-0110,menerbitkan,Stage3A
Lem_KEMENTERIAN_PERDAGANGAN,ARS-0149,menerbitkan,Stage3A
Lem_KEMENTERIAN_PERDAGANGAN,ARS-0229,menerbitkan,Stage3A
Lem_KEMENTERIAN_PERDAGANGAN,ARS-0242,menerbitkan,Stage3A
ARS-0006,Kat_PK,mengatur,Stage3A
ARS-0006,Pej_SRI_MULYANI_INDRAWATI,ditetapkanOleh,Stage3A
ARS-0006,Tgl_2025-08-01,berlakuPada,Stage3A
Lem_KEMENTERIAN_KEUANGAN,ARS-0006,menerbitkan,Stage3A
Lem_KEMENTERIAN_KEUANGAN,ARS-0056,menerbitkan,Stage3A
Lem_KEMENTERIAN_KEUANGAN,ARS-0143,menerbitkan,Stage3A
Lem_KEMENTERIAN_KEUANGAN,ARS-0427,menerbitkan,Stage3A
ARS-0007,Kat_PK,mengatur,Stage3A
ARS-0007,Pej_MEGO_PINANDITO,ditetapkanOleh,Stage3A
ARS-0007,Tgl_2025-03-21,berlakuPada,Stage3A
Lem_ARSIP_NASIONAL,ARS-0007,menerbitkan,Stage3A
Lem_ARSIP_NASIONAL,ARS-0010,menerbitkan,Stage3A
Lem_ARSIP_NASIONAL,ARS-0011,menerbitkan,Stage3A
Lem_ARSIP_NASIONAL,ARS-0013,menerbitkan,Stage3A
Lem_ARSIP_NASIONAL,ARS-0022,menerbitkan,Stage3A
Lem_ARSIP_NASIONAL,ARS-0024,menerbitkan,Stage3A
Lem_ARSIP_NASIONAL,ARS-0037,menerbitkan,Stage3A
Lem_ARSIP_NASIONAL,ARS-0060,menerbitkan,Stage3A
Lem_ARSIP_NASIONAL,ARS-0063,menerbitkan,Stage3A
Lem_ARSIP_NASIONAL,ARS-0065,menerbitkan,Stage3A
Lem_ARSIP_NASIONAL,ARS-0073,menerbitkan,Stage3A
Lem_ARSIP_NASIONAL,ARS-0095,menerbitkan,Stage3A
Lem_ARSIP_NASIONAL,ARS-0096,menerbitkan,Stage3A
Lem_ARSIP_NASIONAL,ARS-0099,menerbitkan,Stage3A
Lem_ARSIP_NASIONAL,ARS-0102,menerbitkan,Stage3A
Lem_ARSIP_NASIONAL,ARS-0162,menerbitkan,Stage3A
Lem_ARSIP_NASIONAL,ARS-0163,menerbitkan,Stage3A
Lem_ARSIP_NASIONAL,ARS-0168,menerbitkan,Stage3A
Lem_ARSIP_NASIONAL,ARS-0194,menerbitkan,Stage3A
Lem_ARSIP_NASIONAL,ARS-0195,menerbitkan,Stage3A
Lem_ARSIP_NASIONAL,ARS-0196,menerbitkan,Stage3A
Lem_ARSIP_NASIONAL,ARS-0197,menerbitkan,Stage3A
Lem_ARSIP_NASIONAL,ARS-0198,menerbitkan,Stage3A
Lem_ARSIP_NASIONAL,ARS-0199,menerbitkan,Stage3A
Lem_ARSIP_NASIONAL,ARS-0201,menerbitkan,Stage3A
Lem_ARSIP_NASIONAL,ARS-0203,menerbitkan,Stage3A
Lem_ARSIP_NASIONAL,ARS-0205,menerbitkan,Stage3A
Lem_ARSIP_NASIONAL,ARS-0207,menerbitkan,Stage3A
Lem_ARSIP_NASIONAL,ARS-0211,menerbitkan,Stage3A
Lem_ARSIP_NASIONAL,ARS-0216,menerbitkan,Stage3A
Lem_ARSIP_NASIONAL,ARS-0218,menerbitkan,Stage3A
Lem_ARSIP_NASIONAL,ARS-0248,menerbitkan,Stage3A
Lem_ARSIP_NASIONAL,ARS-0250,menerbitkan,Stage3A
Lem_ARSIP_NASIONAL,ARS-0251,menerbitkan,Stage3A
Lem_ARSIP_NASIONAL,ARS-0252,menerbitkan,Stage3A
Lem_ARSIP_NASIONAL,ARS-0253,menerbitkan,Stage3A
Lem_ARSIP_NASIONAL,ARS-0254,menerbitkan,Stage3A
Lem_ARSIP_NASIONAL,ARS-0255,menerbitkan,Stage3A
Lem_ARSIP_NASIONAL,ARS-0257,menerbitkan,Stage3A
Lem_ARSIP_NASIONAL,ARS-0258,menerbitkan,Stage3A
Lem_ARSIP_NASIONAL,ARS-0260,menerbitkan,Stage3A
Lem_ARSIP_NASIONAL,ARS-0262,menerbitkan,Stage3A
Lem_ARSIP_NASIONAL,ARS-0263,menerbitkan,Stage3A
Lem_ARSIP_NASIONAL,ARS-0266,menerbitkan,Stage3A
Lem_ARSIP_NASIONAL,ARS-0268,menerbitkan,Stage3A
Lem_ARSIP_NASIONAL,ARS-0269,menerbitkan,Stage3A
Lem_ARSIP_NASIONAL,ARS-0270,menerbitkan,Stage3A
Lem_ARSIP_NASIONAL,ARS-0274,menerbitkan,Stage3A
Lem_ARSIP_NASIONAL,ARS-0275,menerbitkan,Stage3A
Lem_ARSIP_NASIONAL,ARS-0276,menerbitkan,Stage3A
Lem_ARSIP_NASIONAL,ARS-0277,menerbitkan,Stage3A
Lem_ARSIP_NASIONAL,ARS-0278,menerbitkan,Stage3A
Lem_ARSIP_NASIONAL,ARS-0280,menerbitkan,Stage3A
Lem_ARSIP_NASIONAL,ARS-0304,menerbitkan,Stage3A
Lem_ARSIP_NASIONAL,ARS-0305,menerbitkan,Stage3A
Lem_ARSIP_NASIONAL,ARS-0308,menerbitkan,Stage3A
Lem_ARSIP_NASIONAL,ARS-0309,menerbitkan,Stage3A
Lem_ARSIP_NASIONAL,ARS-0310,menerbitkan,Stage3A
Lem_ARSIP_NASIONAL,ARS-0311,menerbitkan,Stage3A
Lem_ARSIP_NASIONAL,ARS-0312,menerbitkan,Stage3A
Lem_ARSIP_NASIONAL,ARS-0313,menerbitkan,Stage3A
Lem_ARSIP_NASIONAL,ARS-0314,menerbitkan,Stage3A
Lem_ARSIP_NASIONAL,ARS-0315,menerbitkan,Stage3A
Lem_ARSIP_NASIONAL,ARS-0316,menerbitkan,Stage3A
Lem_ARSIP_NASIONAL,ARS-0317,menerbitkan,Stage3A
Lem_ARSIP_NASIONAL,ARS-0318,menerbitkan,Stage3A
Lem_ARSIP_NASIONAL,ARS-0319,menerbitkan,Stage3A
Lem_ARSIP_NASIONAL,ARS-0320,menerbitkan,Stage3A
Lem_ARSIP_NASIONAL,ARS-0321,menerbitkan,Stage3A
Lem_ARSIP_NASIONAL,ARS-0322,menerbitkan,Stage3A
Lem_ARSIP_NASIONAL,ARS-0323,menerbitkan,Stage3A
Lem_ARSIP_NASIONAL,ARS-0324,menerbitkan,Stage3A
Lem_ARSIP_NASIONAL,ARS-0325,menerbitkan,Stage3A
Lem_ARSIP_NASIONAL,ARS-0326,menerbitkan,Stage3A
Lem_ARSIP_NASIONAL,ARS-0327,menerbitkan,Stage3A
Lem_ARSIP_NASIONAL,ARS-0329,menerbitkan,Stage3A
Lem_ARSIP_NASIONAL,ARS-0330,menerbitkan,Stage3A
Lem_ARSIP_NASIONAL,ARS-0331,menerbitkan,Stage3A
Lem_ARSIP_NASIONAL,ARS-0333,menerbitkan,Stage3A
Lem_ARSIP_NASIONAL,ARS-0334,menerbitkan,Stage3A
Lem_ARSIP_NASIONAL,ARS-0335,menerbitkan,Stage3A
Lem_ARSIP_NASIONAL,ARS-0336,menerbitkan,Stage3A
Lem_ARSIP_NASIONAL,ARS-0338,menerbitkan,Stage3A
Lem_ARSIP_NASIONAL,ARS-0339,menerbitkan,Stage3A
Lem_ARSIP_NASIONAL,ARS-0340,menerbitkan,Stage3A
Lem_ARSIP_NASIONAL,ARS-0341,menerbitkan,Stage3A
Lem_ARSIP_NASIONAL,ARS-0342,menerbitkan,Stage3A
Lem_ARSIP_NASIONAL,ARS-0343,menerbitkan,Stage3A
Lem_ARSIP_NASIONAL,ARS-0344,menerbitkan,Stage3A
Lem_ARSIP_NASIONAL,ARS-0345,menerbitkan,Stage3A
Lem_ARSIP_NASIONAL,ARS-0346,menerbitkan,Stage3A
Lem_ARSIP_NASIONAL,ARS-0347,menerbitkan,Stage3A
Lem_ARSIP_NASIONAL,ARS-0358,menerbitkan,Stage3A
Lem_ARSIP_NASIONAL,ARS-0359,menerbitkan,Stage3A
Lem_ARSIP_NASIONAL,ARS-0360,menerbitkan,Stage3A
Lem_ARSIP_NASIONAL,ARS-0361,menerbitkan,Stage3A
Lem_ARSIP_NASIONAL,ARS-0363,menerbitkan,Stage3A
Lem_ARSIP_NASIONAL,ARS-0364,menerbitkan,Stage3A
Lem_ARSIP_NASIONAL,ARS-0365,menerbitkan,Stage3A
Lem_ARSIP_NASIONAL,ARS-0366,menerbitkan,Stage3A
Lem_ARSIP_NASIONAL,ARS-0367,menerbitkan,Stage3A
Lem_ARSIP_NASIONAL,ARS-0368,menerbitkan,Stage3A
Lem_ARSIP_NASIONAL,ARS-0369,menerbitkan,Stage3A
Lem_ARSIP_NASIONAL,ARS-0370,menerbitkan,Stage3A
Lem_ARSIP_NASIONAL,ARS-0371,menerbitkan,Stage3A
Lem_ARSIP_NASIONAL,ARS-0372,menerbitkan,Stage3A
Lem_ARSIP_NASIONAL,ARS-0373,menerbitkan,Stage3A
Lem_ARSIP_NASIONAL,ARS-0374,menerbitkan,Stage3A
Lem_ARSIP_NASIONAL,ARS-0375,menerbitkan,Stage3A
Lem_ARSIP_NASIONAL,ARS-0376,menerbitkan,Stage3A
Lem_ARSIP_NASIONAL,ARS-0378,menerbitkan,Stage3A
Lem_ARSIP_NASIONAL,ARS-0379,menerbitkan,Stage3A
Lem_ARSIP_NASIONAL,ARS-0380,menerbitkan,Stage3A
Lem_ARSIP_NASIONAL,ARS-0381,menerbitkan,Stage3A
Lem_ARSIP_NASIONAL,ARS-0382,menerbitkan,Stage3A
Lem_ARSIP_NASIONAL,ARS-0385,menerbitkan,Stage3A
Lem_ARSIP_NASIONAL,ARS-0386,menerbitkan,Stage3A
Lem_ARSIP_NASIONAL,ARS-0387,menerbitkan,Stage3A
Lem_ARSIP_NASIONAL,ARS-0388,menerbitkan,Stage3A
Lem_ARSIP_NASIONAL,ARS-0389,menerbitkan,Stage3A
Lem_ARSIP_NASIONAL,ARS-0390,menerbitkan,Stage3A
Lem_ARSIP_NASIONAL,ARS-0391,menerbitkan,Stage3A
Lem_ARSIP_NASIONAL,ARS-0392,menerbitkan,Stage3A
Lem_ARSIP_NASIONAL,ARS-0393,menerbitkan,Stage3A
Lem_ARSIP_NASIONAL,ARS-0394,menerbitkan,Stage3A
Lem_ARSIP_NASIONAL,ARS-0395,menerbitkan,Stage3A
Lem_ARSIP_NASIONAL,ARS-0396,menerbitkan,Stage3A
Lem_ARSIP_NASIONAL,ARS-0397,menerbitkan,Stage3A
Lem_ARSIP_NASIONAL,ARS-0398,menerbitkan,Stage3A
Lem_ARSIP_NASIONAL,ARS-0399,menerbitkan,Stage3A
Lem_ARSIP_NASIONAL,ARS-0402,menerbitkan,Stage3A
Lem_ARSIP_NASIONAL,ARS-0403,menerbitkan,Stage3A
Lem_ARSIP_NASIONAL,ARS-0404,menerbitkan,Stage3A
Lem_ARSIP_NASIONAL,ARS-0406,menerbitkan,Stage3A
Lem_ARSIP_NASIONAL,ARS-0407,menerbitkan,Stage3A
Lem_ARSIP_NASIONAL,ARS-0408,menerbitkan,Stage3A
Lem_ARSIP_NASIONAL,ARS-0409,menerbitkan,Stage3A
Lem_ARSIP_NASIONAL,ARS-0410,menerbitkan,Stage3A
Lem_ARSIP_NASIONAL,ARS-0411,menerbitkan,Stage3A
Lem_ARSIP_NASIONAL,ARS-0412,menerbitkan,Stage3A
Lem_ARSIP_NASIONAL,ARS-0442,menerbitkan,Stage3A
Lem_ARSIP_NASIONAL,ARS-0444,menerbitkan,Stage3A
Lem_ARSIP_NASIONAL,ARS-0445,menerbitkan,Stage3A
Lem_ARSIP_NASIONAL,ARS-0446,menerbitkan,Stage3A
Lem_ARSIP_NASIONAL,ARS-0447,menerbitkan,Stage3A
Lem_ARSIP_NASIONAL,ARS-0448,menerbitkan,Stage3A
Lem_ARSIP_NASIONAL,ARS-0449,menerbitkan,Stage3A
Lem_ARSIP_NASIONAL,ARS-0450,menerbitkan,Stage3A
Lem_ARSIP_NASIONAL,ARS-0451,menerbitkan,Stage3A
Lem_ARSIP_NASIONAL,ARS-0452,menerbitkan,Stage3A
Lem_ARSIP_NASIONAL,ARS-0453,menerbitkan,Stage3A
Lem_ARSIP_NASIONAL,ARS-0454,menerbitkan,Stage3A
Lem_ARSIP_NASIONAL,ARS-0455,menerbitkan,Stage3A
Lem_ARSIP_NASIONAL,ARS-0456,menerbitkan,Stage3A
Lem_ARSIP_NASIONAL,ARS-0461,menerbitkan,Stage3A
Lem_ARSIP_NASIONAL,ARS-0462,menerbitkan,Stage3A
Lem_ARSIP_NASIONAL,ARS-0463,menerbitkan,Stage3A
Lem_ARSIP_NASIONAL,ARS-0465,menerbitkan,Stage3A
Lem_ARSIP_NASIONAL,ARS-0466,menerbitkan,Stage3A
Lem_ARSIP_NASIONAL,ARS-0467,menerbitkan,Stage3A
Lem_ARSIP_NASIONAL,ARS-0468,menerbitkan,Stage3A
Lem_ARSIP_NASIONAL,ARS-0469,menerbitkan,Stage3A
Lem_ARSIP_NASIONAL,ARS-0487,menerbitkan,Stage3A
Lem_ARSIP_NASIONAL,ARS-0488,menerbitkan,Stage3A
Lem_ARSIP_NASIONAL,ARS-0489,menerbitkan,Stage3A
Lem_ARSIP_NASIONAL,ARS-0490,menerbitkan,Stage3A
Lem_ARSIP_NASIONAL,ARS-0491,menerbitkan,Stage3A
Lem_ARSIP_NASIONAL,ARS-0492,menerbitkan,Stage3A
Lem_ARSIP_NASIONAL,ARS-0494,menerbitkan,Stage3A
Lem_ARSIP_NASIONAL,ARS-0512,menerbitkan,Stage3A
Lem_ARSIP_NASIONAL,ARS-0513,menerbitkan,Stage3A
Lem_ARSIP_NASIONAL,ARS-0514,menerbitkan,Stage3A
Lem_ARSIP_NASIONAL,ARS-0515,menerbitkan,Stage3A
Lem_ARSIP_NASIONAL,ARS-0516,menerbitkan,Stage3A
Lem_ARSIP_NASIONAL,ARS-0517,menerbitkan,Stage3A
Lem_ARSIP_NASIONAL,ARS-0518,menerbitkan,Stage3A
Lem_ARSIP_NASIONAL,ARS-0519,menerbitkan,Stage3A
Lem_ARSIP_NASIONAL,ARS-0520,menerbitkan,Stage3A
Lem_ARSIP_NASIONAL,ARS-0521,menerbitkan,Stage3A
Lem_ARSIP_NASIONAL,ARS-0522,menerbitkan,Stage3A
Lem_ARSIP_NASIONAL,ARS-0523,menerbitkan,Stage3A
Lem_ARSIP_NASIONAL,ARS-0524,menerbitkan,Stage3A
Lem_ARSIP_NASIONAL,ARS-0525,menerbitkan,Stage3A
Lem_ARSIP_NASIONAL,ARS-0526,menerbitkan,Stage3A
Lem_ARSIP_NASIONAL,ARS-0527,menerbitkan,Stage3A
Lem_ARSIP_NASIONAL,ARS-0528,menerbitkan,Stage3A
Lem_ARSIP_NASIONAL,ARS-0529,menerbitkan,Stage3A
Lem_ARSIP_NASIONAL,ARS-0530,menerbitkan,Stage3A
Lem_ARSIP_NASIONAL,ARS-0531,menerbitkan,Stage3A
Lem_ARSIP_NASIONAL,ARS-0532,menerbitkan,Stage3A
Lem_ARSIP_NASIONAL,ARS-0533,menerbitkan,Stage3A
Lem_ARSIP_NASIONAL,ARS-0534,menerbitkan,Stage3A
Lem_ARSIP_NASIONAL,ARS-0535,menerbitkan,Stage3A
Lem_ARSIP_NASIONAL,ARS-0536,menerbitkan,Stage3A
Lem_ARSIP_NASIONAL,ARS-0538,menerbitkan,Stage3A
Lem_ARSIP_NASIONAL,ARS-0539,menerbitkan,Stage3A
Lem_ARSIP_NASIONAL,ARS-0540,menerbitkan,Stage3A
Lem_ARSIP_NASIONAL,ARS-0541,menerbitkan,Stage3A
Lem_ARSIP_NASIONAL,ARS-0542,menerbitkan,Stage3A
Lem_ARSIP_NASIONAL,ARS-0551,menerbitkan,Stage3A
Lem_ARSIP_NASIONAL,ARS-0552,menerbitkan,Stage3A
Lem_ARSIP_NASIONAL,ARS-0569,menerbitkan,Stage3A
Lem_ARSIP_NASIONAL,ARS-0579,menerbitkan,Stage3A
ARS-0008,Kat_JRA,mengatur,Stage3A
ARS-0008,Pej_E_AMINUDIN_AZIZ,ditetapkanOleh,Stage3A
ARS-0008,Tgl_2025-05-28,berlakuPada,Stage3A
Lem_PERPUSTAKAAN_NASIONAL,ARS-0008,menerbitkan,Stage3A
Lem_PERPUSTAKAAN_NASIONAL,ARS-0025,menerbitkan,Stage3A
Lem_PERPUSTAKAAN_NASIONAL,ARS-0101,menerbitkan,Stage3A
Lem_PERPUSTAKAAN_NASIONAL,ARS-0103,menerbitkan,Stage3A
Lem_PERPUSTAKAAN_NASIONAL,ARS-0124,menerbitkan,Stage3A
Lem_PERPUSTAKAAN_NASIONAL,ARS-0156,menerbitkan,Stage3A
Lem_PERPUSTAKAAN_NASIONAL,ARS-0159,menerbitkan,Stage3A
Lem_PERPUSTAKAAN_NASIONAL,ARS-0362,menerbitkan,Stage3A
Lem_PERPUSTAKAAN_NASIONAL,ARS-0384,menerbitkan,Stage3A
ARS-0009,Kat_PC,mengatur,Stage3A
ARS-0009,Pej_HINSA_SIBURIAN,ditetapkanOleh,Stage3A
ARS-0009,Tgl_2025-02-12,berlakuPada,Stage3A
Lem_BADAN_SIBER_DAN_SANDI_NEGARA,ARS-0009,menerbitkan,Stage3A
Lem_BADAN_SIBER_DAN_SANDI_NEGARA,ARS-0012,menerbitkan,Stage3A
ARS-0010,Kat_PK,mengatur,Stage3A
ARS-0010,Pej_MEGO_PINANDITO,ditetapkanOleh,Stage3A
ARS-0010,Tgl_2025-03-10,berlakuPada,Stage3A
ARS-0011,Kat_PK,mengatur,Stage3A
ARS-0011,Pej_MEGO_PINANDITO,ditetapkanOleh,Stage3A
ARS-0011,Tgl_2025-03-21,berlakuPada,Stage3A
ARS-0012,Kat_PC,mengatur,Stage3A
ARS-0012,Pej_HINSA_SIBURIAN,ditetapkanOleh,Stage3A
ARS-0012,Tgl_2025-02-12,berlakuPada,Stage3A
ARS-0013,Kat_PC,mengatur,Stage3A
ARS-0013,Pej_MEGO_PINANDITO,ditetapkanOleh,Stage3A
ARS-0013,Tgl_2025-03-07,berlakuPada,Stage3A
ARS-0014,Kat_JRA,mengatur,Stage3A
ARS-0014,Pej_ARIO_BIMO_NANDITO_ARIOTEDJO,ditetapkanOleh,Stage3A
ARS-0014,Tgl_2024-11-14,berlakuPada,Stage3A
Lem_KEMENTERIAN_PEMUDA_DAN_OLAHRAGA_REPUBLIK_INDONESIA,ARS-0014,menerbitkan,Stage3A
Lem_KEMENTERIAN_PEMUDA_DAN_OLAHRAGA_REPUBLIK_INDONESIA,ARS-0113,menerbitkan,Stage3A
Lem_KEMENTERIAN_PEMUDA_DAN_OLAHRAGA_REPUBLIK_INDONESIA,ARS-0140,menerbitkan,Stage3A
Lem_KEMENTERIAN_PEMUDA_DAN_OLAHRAGA_REPUBLIK_INDONESIA,ARS-0145,menerbitkan,Stage3A
Lem_KEMENTERIAN_PEMUDA_DAN_OLAHRAGA_REPUBLIK_INDONESIA,ARS-0151,menerbitkan,Stage3A
ARS-0015,Kat_PA,mengatur,Stage3A
ARS-0015,Pej_MOH_MAHFUD_MD,ditetapkanOleh,Stage3A
ARS-0015,Tgl_2024-01-12,berlakuPada,Stage3A
Lem_KEMENTERIAN_KOORDINATOR_BIDANG_POLITIK_HUKUM_DAN_KEAMANAN,ARS-0015,menerbitkan,Stage3A
Lem_KEMENTERIAN_KOORDINATOR_BIDANG_POLITIK_HUKUM_DAN_KEAMANAN,ARS-0016,menerbitkan,Stage3A
Lem_KEMENTERIAN_KOORDINATOR_BIDANG_POLITIK_HUKUM_DAN_KEAMANAN,ARS-0019,menerbitkan,Stage3A
Lem_KEMENTERIAN_KOORDINATOR_BIDANG_POLITIK_HUKUM_DAN_KEAMANAN,ARS-0141,menerbitkan,Stage3A
Lem_KEMENTERIAN_KOORDINATOR_BIDANG_POLITIK_HUKUM_DAN_KEAMANAN,ARS-0144,menerbitkan,Stage3A
Lem_KEMENTERIAN_KOORDINATOR_BIDANG_POLITIK_HUKUM_DAN_KEAMANAN,ARS-0148,menerbitkan,Stage3A
Lem_KEMENTERIAN_KOORDINATOR_BIDANG_POLITIK_HUKUM_DAN_KEAMANAN,ARS-0237,menerbitkan,Stage3A
Lem_KEMENTERIAN_KOORDINATOR_BIDANG_POLITIK_HUKUM_DAN_KEAMANAN,ARS-0285,menerbitkan,Stage3A
Lem_KEMENTERIAN_KOORDINATOR_BIDANG_POLITIK_HUKUM_DAN_KEAMANAN,ARS-0429,menerbitkan,Stage3A
Lem_KEMENTERIAN_KOORDINATOR_BIDANG_POLITIK_HUKUM_DAN_KEAMANAN,ARS-0430,menerbitkan,Stage3A
ARS-0016,Kat_PA,mengatur,Stage3A
ARS-0016,Pej_MOH_MAHFUD_MD,ditetapkanOleh,Stage3A
ARS-0016,Tgl_2024-01-12,berlakuPada,Stage3A
ARS-0017,Kat_JRA,mengatur,Stage3A
ARS-0017,Pej_SANDIAGA_SALAHUDDIN_UNO,ditetapkanOleh,Stage3A
ARS-0017,Tgl_2024-05-06,berlakuPada,Stage3A
Lem_KEMENTERIAN_PARIWISATA_DAN_EKONOMI_KREATIF,ARS-0017,menerbitkan,Stage3A
Lem_KEMENTERIAN_PARIWISATA_DAN_EKONOMI_KREATIF,ARS-0503,menerbitkan,Stage3A
ARS-0018,Kat_KA,mengatur,Stage3A
ARS-0018,Pej_M_IFTITAH_S_SURYANAGARA,ditetapkanOleh,Stage3A
ARS-0018,Tgl_2024-12-20,berlakuPada,Stage3A
Lem_KEMENTERIAN_TRANSMIGRASI,ARS-0018,menerbitkan,Stage3A
ARS-0019,Kat_JRA,mengatur,Stage3A
ARS-0019,Pej_MOH_MAHFUD_MD,ditetapkanOleh,Stage3A
ARS-0019,Tgl_2024-01-12,berlakuPada,Stage3A
ARS-0020,Kat_PK,mengatur,Stage3A
ARS-0020,Pej_PRATIKNO,ditetapkanOleh,Stage3A
ARS-0020,Tgl_2024-10-14,berlakuPada,Stage3A
Lem_KEMENTERIAN_SEKRETARIAT_NEGARA,ARS-0020,menerbitkan,Stage3A
ARS-0021,Kat_PC,mengatur,Stage3A
ARS-0021,Pej_BUDI_G_SADIKIN,ditetapkanOleh,Stage3A
ARS-0021,Tgl_2024-04-02,berlakuPada,Stage3A
Lem_KEMENTERIAN_KESEHATAN,ARS-0021,menerbitkan,Stage3A
Lem_KEMENTERIAN_KESEHATAN,ARS-0183,menerbitkan,Stage3A
Lem_KEMENTERIAN_KESEHATAN,ARS-0227,menerbitkan,Stage3A
Lem_KEMENTERIAN_KESEHATAN,ARS-0499,menerbitkan,Stage3A
ARS-0022,Kat_PK,mengatur,Stage3A
ARS-0022,Pej_IMAM_GUNARTO,ditetapkanOleh,Stage3A
ARS-0022,Tgl_2024-05-28,berlakuPada,Stage3A
ARS-0023,Kat_PC,mengatur,Stage3A
ARS-0023,Pej_KUKUH_S_ACHMAD,ditetapkanOleh,Stage3A
ARS-0023,Tgl_2024-01-16,berlakuPada,Stage3A
Lem_BADAN_STANDARDISASI_NASIONAL,ARS-0023,menerbitkan,Stage3A
Lem_BADAN_STANDARDISASI_NASIONAL,ARS-0157,menerbitkan,Stage3A
Lem_BADAN_STANDARDISASI_NASIONAL,ARS-0161,menerbitkan,Stage3A
Lem_BADAN_STANDARDISASI_NASIONAL,ARS-0210,menerbitkan,Stage3A
ARS-0024,Kat_PK,mengatur,Stage3A
ARS-0024,Pej_IMAM_GUNARTO,ditetapkanOleh,Stage3A
ARS-0024,Tgl_2024-02-12,berlakuPada,Stage3A
ARS-0025,Kat_KA,mengatur,Stage3A
ARS-0025,Pej_E_AMINUDIN_AZIZ,ditetapkanOleh,Stage3A
ARS-0025,Tgl_2024-12-31,berlakuPada,Stage3A
ARS-0026,Kat_PK,mengatur,Stage3A
ARS-0026,Pej_AMALIA_ADINGGAR_WIDYASANTI,ditetapkanOleh,Stage3A
ARS-0026,Tgl_2024-02-20,berlakuPada,Stage3A
Lem_BADAN_PUSAT_STATISTIK,ARS-0026,menerbitkan,Stage3A
Lem_BADAN_PUSAT_STATISTIK,ARS-0170,menerbitkan,Stage3A
Lem_BADAN_PUSAT_STATISTIK,ARS-0486,menerbitkan,Stage3A
ARS-0027,Kat_PA,mengatur,Stage3A
ARS-0027,Pej_HARYOMO_DWI_PUTRANTO,ditetapkanOleh,Stage3A
ARS-0027,Tgl_2024-12-31,berlakuPada,Stage3A
Lem_BADAN_KEPEGAWAIAN_NEGARA,ARS-0027,menerbitkan,Stage3A
Lem_BADAN_KEPEGAWAIAN_NEGARA,ARS-0068,menerbitkan,Stage3A
Lem_BADAN_KEPEGAWAIAN_NEGARA,ARS-0119,menerbitkan,Stage3A
Lem_BADAN_KEPEGAWAIAN_NEGARA,ARS-0127,menerbitkan,Stage3A
Lem_BADAN_KEPEGAWAIAN_NEGARA,ARS-0158,menerbitkan,Stage3A
Lem_BADAN_KEPEGAWAIAN_NEGARA,ARS-0348,menerbitkan,Stage3A
ARS-0028,Kat_SKKAAD,mengatur,Stage3A
ARS-0028,Pej_ARIEF_PRASETYO_ADI,ditetapkanOleh,Stage3A
ARS-0028,Tgl_2024-06-04,berlakuPada,Stage3A
Lem_BADAN_PANGAN_NASIONAL,ARS-0028,menerbitkan,Stage3A
Lem_BADAN_PANGAN_NASIONAL,ARS-0070,menerbitkan,Stage3A
ARS-0029,Kat_PK,mengatur,Stage3A
ARS-0029,Pej_HEVEARITA_GUNARYANTI_RAHAYU,ditetapkanOleh,Stage3A
ARS-0029,Tgl_2024-08-16,berlakuPada,Stage3A
Lem_KOTA_SEMARANG,ARS-0029,menerbitkan,Stage3A
ARS-0030,Kat_PK,mengatur,Stage3A
ARS-0030,Pej_ARINAL_DJUNAIDI,ditetapkanOleh,Stage3A
ARS-0030,Tgl_2024-01-10,berlakuPada,Stage3A
Lem_PROVINSI_LAMPUNG,ARS-0030,menerbitkan,Stage3A
Lem_PROVINSI_LAMPUNG,ARS-0604,menerbitkan,Stage3A
ARS-0031,Kat_PK,mengatur,Stage3A
ARS-0031,Pej_JOKO_WIDODO,ditetapkanOleh,Stage3A
ARS-0031,Tgl_2023-04-17,berlakuPada,Stage3A
Lem_PEMERINTAH_PUSAT,ARS-0031,menerbitkan,Stage3A
Lem_PEMERINTAH_PUSAT,ARS-0175,menerbitkan,Stage3A
Lem_PEMERINTAH_PUSAT,ARS-0226,menerbitkan,Stage3A
Lem_PEMERINTAH_PUSAT,ARS-0284,menerbitkan,Stage3A
Lem_PEMERINTAH_PUSAT,ARS-0417,menerbitkan,Stage3A
Lem_PEMERINTAH_PUSAT,ARS-0472,menerbitkan,Stage3A
Lem_PEMERINTAH_PUSAT,ARS-0544,menerbitkan,Stage3A
Lem_PEMERINTAH_PUSAT,ARS-0545,menerbitkan,Stage3A
Lem_PEMERINTAH_PUSAT,ARS-0546,menerbitkan,Stage3A
Lem_PEMERINTAH_PUSAT,ARS-0577,menerbitkan,Stage3A
Lem_PEMERINTAH_PUSAT,ARS-0582,menerbitkan,Stage3A
Lem_PEMERINTAH_PUSAT,ARS-0588,menerbitkan,Stage3A
Lem_PEMERINTAH_PUSAT,ARS-0589,menerbitkan,Stage3A
Lem_PEMERINTAH_PUSAT,ARS-0590,menerbitkan,Stage3A
Lem_PEMERINTAH_PUSAT,ARS-0597,menerbitkan,Stage3A
Lem_PEMERINTAH_PUSAT,ARS-0601,menerbitkan,Stage3A
Lem_PEMERINTAH_PUSAT,ARS-0605,menerbitkan,Stage3A
Lem_PEMERINTAH_PUSAT,ARS-0608,menerbitkan,Stage3A
Lem_PEMERINTAH_PUSAT,ARS-0611,menerbitkan,Stage3A
Lem_PEMERINTAH_PUSAT,ARS-0612,menerbitkan,Stage3A
Lem_PEMERINTAH_PUSAT,ARS-0613,menerbitkan,Stage3A
Lem_PEMERINTAH_PUSAT,ARS-0614,menerbitkan,Stage3A
ARS-0032,Kat_KA,mengatur,Stage3A
ARS-0032,Pej_MUHADJIR_EFFENDY,ditetapkanOleh,Stage3A
ARS-0032,Tgl_2023-05-04,berlakuPada,Stage3A
Lem_KEMENTERIAN_KOORDINATOR_BIDANG_PEMBANGUNAN_MANUSIA_DAN_KEBUDAYAAN,ARS-0032,menerbitkan,Stage3A
Lem_KEMENTERIAN_KOORDINATOR_BIDANG_PEMBANGUNAN_MANUSIA_DAN_KEBUDAYAAN,ARS-0035,menerbitkan,Stage3A
Lem_KEMENTERIAN_KOORDINATOR_BIDANG_PEMBANGUNAN_MANUSIA_DAN_KEBUDAYAAN,ARS-0036,menerbitkan,Stage3A
ARS-0033,Kat_JRA,mengatur,Stage3A
ARS-0033,Pej_TETEN_MASDUKI,ditetapkanOleh,Stage3A
ARS-0033,Tgl_2023-09-14,berlakuPada,Stage3A
Lem_KEMENTERIAN_KOPERASI_USAHA_KECIL_DAN_MENENGAH,ARS-0033,menerbitkan,Stage3A
Lem_KEMENTERIAN_KOPERASI_USAHA_KECIL_DAN_MENENGAH,ARS-0052,menerbitkan,Stage3A
Lem_KEMENTERIAN_KOPERASI_USAHA_KECIL_DAN_MENENGAH,ARS-0058,menerbitkan,Stage3A
Lem_KEMENTERIAN_KOPERASI_USAHA_KECIL_DAN_MENENGAH,ARS-0080,menerbitkan,Stage3A
Lem_KEMENTERIAN_KOPERASI_USAHA_KECIL_DAN_MENENGAH,ARS-0177,menerbitkan,Stage3A
Lem_KEMENTERIAN_KOPERASI_USAHA_KECIL_DAN_MENENGAH,ARS-0179,menerbitkan,Stage3A
Lem_KEMENTERIAN_KOPERASI_USAHA_KECIL_DAN_MENENGAH,ARS-0286,menerbitkan,Stage3A
Lem_KEMENTERIAN_KOPERASI_USAHA_KECIL_DAN_MENENGAH,ARS-0301,menerbitkan,Stage3A
Lem_KEMENTERIAN_KOPERASI_USAHA_KECIL_DAN_MENENGAH,ARS-0350,menerbitkan,Stage3A
Lem_KEMENTERIAN_KOPERASI_USAHA_KECIL_DAN_MENENGAH,ARS-0556,menerbitkan,Stage3A
ARS-0034,Kat_PK,mengatur,Stage3A
ARS-0034,Pej_RETNO_L_P_MARSUDI,ditetapkanOleh,Stage3A
ARS-0034,Tgl_2023-06-27,berlakuPada,Stage3A
Lem_KEMENTERIAN_LUAR_NEGERI,ARS-0034,menerbitkan,Stage3A
Lem_KEMENTERIAN_LUAR_NEGERI,ARS-0047,menerbitkan,Stage3A
Lem_KEMENTERIAN_LUAR_NEGERI,ARS-0049,menerbitkan,Stage3A
Lem_KEMENTERIAN_LUAR_NEGERI,ARS-0050,menerbitkan,Stage3A
Lem_KEMENTERIAN_LUAR_NEGERI,ARS-0354,menerbitkan,Stage3A
Lem_KEMENTERIAN_LUAR_NEGERI,ARS-0356,menerbitkan,Stage3A
ARS-0035,Kat_SKKAAD,mengatur,Stage3A
ARS-0035,Pej_MUHADJIR_EFFENDY,ditetapkanOleh,Stage3A
ARS-0035,Tgl_2023-05-05,berlakuPada,Stage3A
ARS-0036,Kat_JRA,mengatur,Stage3A
ARS-0036,Pej_MUHADJIR_EFFENDY,ditetapkanOleh,Stage3A
ARS-0036,Tgl_2023-05-04,berlakuPada,Stage3A
ARS-0037,Kat_PK,mengatur,Stage3A
ARS-0037,Pej_IMAM_GUNARTO,ditetapkanOleh,Stage3A
ARS-0037,Tgl_2023-05-09,berlakuPada,Stage3A
ARS-0038,Kat_JRA,mengatur,Stage3A
ARS-0038,Pej_HASYIM_ASYARI,ditetapkanOleh,Stage3A
ARS-0038,Tgl_2023-08-31,berlakuPada,Stage3A
Lem_KOMISI_PEMILIHAN_UMUM,ARS-0038,menerbitkan,Stage3A
Lem_KOMISI_PEMILIHAN_UMUM,ARS-0097,menerbitkan,Stage3A
Lem_KOMISI_PEMILIHAN_UMUM,ARS-0098,menerbitkan,Stage3A
Lem_KOMISI_PEMILIHAN_UMUM,ARS-0332,menerbitkan,Stage3A
Lem_KOMISI_PEMILIHAN_UMUM,ARS-0437,menerbitkan,Stage3A
Lem_KOMISI_PEMILIHAN_UMUM,ARS-0483,menerbitkan,Stage3A
Lem_KOMISI_PEMILIHAN_UMUM,ARS-0511,menerbitkan,Stage3A
ARS-0039,Kat_PK,mengatur,Stage3A
ARS-0039,Pej_MUHAMMAD_TITO_KARNAVIAN,ditetapkanOleh,Stage3A
ARS-0039,Tgl_2023-04-18,berlakuPada,Stage3A
Lem_BADAN_NASIONAL_PENGELOLA_PERBATASAN,ARS-0039,menerbitkan,Stage3A
Lem_BADAN_NASIONAL_PENGELOLA_PERBATASAN,ARS-0213,menerbitkan,Stage3A
Lem_BADAN_NASIONAL_PENGELOLA_PERBATASAN,ARS-0214,menerbitkan,Stage3A
Lem_BADAN_NASIONAL_PENGELOLA_PERBATASAN,ARS-0215,menerbitkan,Stage3A
ARS-0040,Kat_PK,mengatur,Stage3A
ARS-0040,Pej_SUHATRI_BUR,ditetapkanOleh,Stage3A
ARS-0040,Tgl_2023-03-24,berlakuPada,Stage3A
Lem_KABUPATEN_PADANG_PARIAMAN,ARS-0040,menerbitkan,Stage3A
ARS-0041,Kat_PK,mengatur,Stage3A
ARS-0041,Pej_H_AL_HARIS,ditetapkanOleh,Stage3A
ARS-0041,Tgl_2023-07-04,berlakuPada,Stage3A
Lem_PROVINSI_JAMBI,ARS-0041,menerbitkan,Stage3A
Lem_PROVINSI_JAMBI,ARS-0554,menerbitkan,Stage3A
ARS-0042,Kat_PK,mengatur,Stage3A
ARS-0042,Pej_BADDRUT_TAMAM,ditetapkanOleh,Stage3A
ARS-0042,Tgl_2023-02-15,berlakuPada,Stage3A
Lem_KABUPATEN_PAMEKASAN,ARS-0042,menerbitkan,Stage3A
ARS-0043,Kat_SKKAAD,mengatur,Stage3A
ARS-0043,Pej_PENNY_K_LUKITO,ditetapkanOleh,Stage3A
ARS-0043,Tgl_2023-03-03,berlakuPada,Stage3A
Lem_BADAN_PENGAWAS_OBAT_DAN_MAKANAN,ARS-0043,menerbitkan,Stage3A
Lem_BADAN_PENGAWAS_OBAT_DAN_MAKANAN,ARS-0067,menerbitkan,Stage3A
Lem_BADAN_PENGAWAS_OBAT_DAN_MAKANAN,ARS-0164,menerbitkan,Stage3A
Lem_BADAN_PENGAWAS_OBAT_DAN_MAKANAN,ARS-0167,menerbitkan,Stage3A
Lem_BADAN_PENGAWAS_OBAT_DAN_MAKANAN,ARS-0550,menerbitkan,Stage3A
ARS-0044,Kat_SKKAAD,mengatur,Stage3A
ARS-0044,Tgl_2022-03-14,berlakuPada,Stage3A
Lem_KEMENTERIAN_KOORDINATOR_BIDANG_KEMARITIMAN_DAN_INVESTASI,ARS-0044,menerbitkan,Stage3A
Lem_KEMENTERIAN_KOORDINATOR_BIDANG_KEMARITIMAN_DAN_INVESTASI,ARS-0046,menerbitkan,Stage3A
Lem_KEMENTERIAN_KOORDINATOR_BIDANG_KEMARITIMAN_DAN_INVESTASI,ARS-0085,menerbitkan,Stage3A
Lem_KEMENTERIAN_KOORDINATOR_BIDANG_KEMARITIMAN_DAN_INVESTASI,ARS-0111,menerbitkan,Stage3A
ARS-0045,Kat_SKKAAD,mengatur,Stage3A
ARS-0045,Tgl_2022-06-16,berlakuPada,Stage3A
Lem_KEMENTERIAN_SOSIAL,ARS-0045,menerbitkan,Stage3A
Lem_KEMENTERIAN_SOSIAL,ARS-0232,menerbitkan,Stage3A
Lem_KEMENTERIAN_SOSIAL,ARS-0287,menerbitkan,Stage3A
Lem_KEMENTERIAN_SOSIAL,ARS-0296,menerbitkan,Stage3A
Lem_KEMENTERIAN_SOSIAL,ARS-0303,menerbitkan,Stage3A
Lem_KEMENTERIAN_SOSIAL,ARS-0474,menerbitkan,Stage3A
Lem_KEMENTERIAN_SOSIAL,ARS-0509,menerbitkan,Stage3A
ARS-0046,Kat_JRA,mengatur,Stage3A
ARS-0046,Tgl_2022-03-14,berlakuPada,Stage3A
ARS-0047,Kat_JRA,mengatur,Stage3A
ARS-0047,Tgl_2022-01-17,berlakuPada,Stage3A
ARS-0048,Kat_PK,mengatur,Stage3A
ARS-0048,Tgl_2022-04-28,berlakuPada,Stage3A
Lem_KEMENTERIAN_PENDIDIKAN_KEBUDAYAAN_REPUBLIK_INDONESIASET_DAN_TEKNOLOGI,ARS-0048,menerbitkan,Stage3A
ARS-0049,Kat_SKKAAD,mengatur,Stage3A
ARS-0049,Tgl_2022-09-08,berlakuPada,Stage3A
ARS-0049,ARS-0356,menggantikan,Stage3B-from-status
ARS-0050,Kat_PK,mengatur,Stage3A
ARS-0050,Tgl_2022-01-17,berlakuPada,Stage3A
ARS-0051,Kat_KA,mengatur,Stage3A
ARS-0051,Tgl_2022-09-23,berlakuPada,Stage3A
Lem_KEMENTERIAN_DALAM_NEGERI,ARS-0051,menerbitkan,Stage3A
Lem_KEMENTERIAN_DALAM_NEGERI,ARS-0114,menerbitkan,Stage3A
Lem_KEMENTERIAN_DALAM_NEGERI,ARS-0187,menerbitkan,Stage3A
Lem_KEMENTERIAN_DALAM_NEGERI,ARS-0241,menerbitkan,Stage3A
Lem_KEMENTERIAN_DALAM_NEGERI,ARS-0500,menerbitkan,Stage3A
ARS-0052,Kat_KA,mengatur,Stage3A
ARS-0052,Tgl_2022-12-09,berlakuPada,Stage3A
ARS-0053,Kat_PK,mengatur,Stage3A
ARS-0053,Tgl_2022-12-30,berlakuPada,Stage3A
Lem_KEMENTERIAN_PERINDUSTRIAN,ARS-0053,menerbitkan,Stage3A
ARS-0054,Kat_JRA,mengatur,Stage3A
ARS-0054,Tgl_2022-02-15,berlakuPada,Stage3A
ARS-0054,ARS-0234,menggantikan,Stage3B-from-status
Lem_KEMENTERIAN_DESA_PEMBANGUNAN_DAERAH_TERTINGGAL_DAN_TRANSMIGRASI,ARS-0054,menerbitkan,Stage3A
Lem_KEMENTERIAN_DESA_PEMBANGUNAN_DAERAH_TERTINGGAL_DAN_TRANSMIGRASI,ARS-0082,menerbitkan,Stage3A
Lem_KEMENTERIAN_DESA_PEMBANGUNAN_DAERAH_TERTINGGAL_DAN_TRANSMIGRASI,ARS-0083,menerbitkan,Stage3A
Lem_KEMENTERIAN_DESA_PEMBANGUNAN_DAERAH_TERTINGGAL_DAN_TRANSMIGRASI,ARS-0084,menerbitkan,Stage3A
Lem_KEMENTERIAN_DESA_PEMBANGUNAN_DAERAH_TERTINGGAL_DAN_TRANSMIGRASI,ARS-0138,menerbitkan,Stage3A
Lem_KEMENTERIAN_DESA_PEMBANGUNAN_DAERAH_TERTINGGAL_DAN_TRANSMIGRASI,ARS-0139,menerbitkan,Stage3A
Lem_KEMENTERIAN_DESA_PEMBANGUNAN_DAERAH_TERTINGGAL_DAN_TRANSMIGRASI,ARS-0152,menerbitkan,Stage3A
Lem_KEMENTERIAN_DESA_PEMBANGUNAN_DAERAH_TERTINGGAL_DAN_TRANSMIGRASI,ARS-0176,menerbitkan,Stage3A
Lem_KEMENTERIAN_DESA_PEMBANGUNAN_DAERAH_TERTINGGAL_DAN_TRANSMIGRASI,ARS-0230,menerbitkan,Stage3A
Lem_KEMENTERIAN_DESA_PEMBANGUNAN_DAERAH_TERTINGGAL_DAN_TRANSMIGRASI,ARS-0231,menerbitkan,Stage3A
Lem_KEMENTERIAN_DESA_PEMBANGUNAN_DAERAH_TERTINGGAL_DAN_TRANSMIGRASI,ARS-0234,menerbitkan,Stage3A
ARS-0055,Kat_KA,mengatur,Stage3A
ARS-0055,Tgl_2022-12-20,berlakuPada,Stage3A
ARS-0056,Kat_PA,mengatur,Stage3A
ARS-0056,Tgl_2022-10-31,berlakuPada,Stage3A
ARS-0057,Kat_KA,mengatur,Stage3A
ARS-0057,Pej_YASONNA_H_LAOLY,ditetapkanOleh,Stage3A
ARS-0057,Tgl_2022-01-13,berlakuPada,Stage3A
Lem_KEMENTERIAN_HUKUM_DAN_HAK_ASASI_MANUSIA,ARS-0057,menerbitkan,Stage3A
Lem_KEMENTERIAN_HUKUM_DAN_HAK_ASASI_MANUSIA,ARS-0239,menerbitkan,Stage3A
Lem_KEMENTERIAN_HUKUM_DAN_HAK_ASASI_MANUSIA,ARS-0295,menerbitkan,Stage3A
Lem_KEMENTERIAN_HUKUM_DAN_HAK_ASASI_MANUSIA,ARS-0298,menerbitkan,Stage3A
Lem_KEMENTERIAN_HUKUM_DAN_HAK_ASASI_MANUSIA,ARS-0299,menerbitkan,Stage3A
Lem_KEMENTERIAN_HUKUM_DAN_HAK_ASASI_MANUSIA,ARS-0480,menerbitkan,Stage3A
Lem_KEMENTERIAN_HUKUM_DAN_HAK_ASASI_MANUSIA,ARS-0481,menerbitkan,Stage3A
Lem_KEMENTERIAN_HUKUM_DAN_HAK_ASASI_MANUSIA,ARS-0508,menerbitkan,Stage3A
ARS-0058,Kat_SKKAAD,mengatur,Stage3A
ARS-0058,Tgl_2022-12-09,berlakuPada,Stage3A
ARS-0059,Kat_PK,mengatur,Stage3A
ARS-0059,Tgl_2022-08-10,berlakuPada,Stage3A
ARS-0060,Kat_PK,mengatur,Stage3A
ARS-0060,Tgl_2022-12-12,berlakuPada,Stage3A
ARS-0061,Kat_PK,mengatur,Stage3A
ARS-0061,Pej_SUGENG_SUMBARJO,ditetapkanOleh,Stage3A
ARS-0061,Tgl_2022-11-23,berlakuPada,Stage3A
Lem_BADAN_PENGAWAS_TENAGA_NUKLIR,ARS-0061,menerbitkan,Stage3A
Lem_BADAN_PENGAWAS_TENAGA_NUKLIR,ARS-0092,menerbitkan,Stage3A
Lem_BADAN_PENGAWAS_TENAGA_NUKLIR,ARS-0160,menerbitkan,Stage3A
Lem_BADAN_PENGAWAS_TENAGA_NUKLIR,ARS-0165,menerbitkan,Stage3A
ARS-0062,Kat_SKKAAD,mengatur,Stage3A
ARS-0062,Tgl_2022-11-01,berlakuPada,Stage3A
Lem_KEJAKSAAN_AGUNG,ARS-0062,menerbitkan,Stage3A
Lem_KEJAKSAAN_AGUNG,ARS-0064,menerbitkan,Stage3A
Lem_KEJAKSAAN_AGUNG,ARS-0072,menerbitkan,Stage3A
ARS-0063,Kat_PK,mengatur,Stage3A
ARS-0063,Tgl_2022-06-23,berlakuPada,Stage3A
ARS-0063,ARS-0447,menggantikan,Stage3B-from-status
ARS-0063,ARS-0452,menggantikan,Stage3B-from-status
ARS-0064,Kat_JRA,mengatur,Stage3A
ARS-0064,Tgl_2022-11-01,berlakuPada,Stage3A
ARS-0065,Kat_JRA,mengatur,Stage3A
ARS-0065,Tgl_2022-10-05,berlakuPada,Stage3A
ARS-0065,ARS-0407,menggantikan,Stage3B-from-status
ARS-0066,Kat_PC,mengatur,Stage3A
ARS-0066,Tgl_2022-12-20,berlakuPada,Stage3A
Lem_BADAN_NARKOTIKA_NASIONAL,ARS-0066,menerbitkan,Stage3A
Lem_BADAN_NARKOTIKA_NASIONAL,ARS-0306,menerbitkan,Stage3A
Lem_BADAN_NARKOTIKA_NASIONAL,ARS-0307,menerbitkan,Stage3A
Lem_BADAN_NARKOTIKA_NASIONAL,ARS-0443,menerbitkan,Stage3A
Lem_BADAN_NARKOTIKA_NASIONAL,ARS-0458,menerbitkan,Stage3A
Lem_BADAN_NARKOTIKA_NASIONAL,ARS-0459,menerbitkan,Stage3A
Lem_BADAN_NARKOTIKA_NASIONAL,ARS-0485,menerbitkan,Stage3A
ARS-0067,Kat_PA,mengatur,Stage3A
ARS-0067,Tgl_2022-12-27,berlakuPada,Stage3A
ARS-0068,Kat_PK,mengatur,Stage3A
ARS-0068,Tgl_2022-01-26,berlakuPada,Stage3A
ARS-0069,Kat_PK,mengatur,Stage3A
ARS-0069,Tgl_2022-01-20,berlakuPada,Stage3A
Lem_BADAN_INTELIGEN_NEGARA,ARS-0069,menerbitkan,Stage3A
ARS-0070,Kat_KA,mengatur,Stage3A
ARS-0070,Tgl_2022-11-14,berlakuPada,Stage3A
ARS-0071,Kat_SKKAAD,mengatur,Stage3A
ARS-0071,Tgl_2022-03-04,berlakuPada,Stage3A
Lem_BADAN_PELINDUNGAN_PEKERJA_MIGRAN_INDONESIA,ARS-0071,menerbitkan,Stage3A
Lem_BADAN_PELINDUNGAN_PEKERJA_MIGRAN_INDONESIA,ARS-0074,menerbitkan,Stage3A
Lem_BADAN_PELINDUNGAN_PEKERJA_MIGRAN_INDONESIA,ARS-0078,menerbitkan,Stage3A
ARS-0072,Kat_KA,mengatur,Stage3A
ARS-0072,Tgl_2022-11-01,berlakuPada,Stage3A
ARS-0073,Kat_KA,mengatur,Stage3A
ARS-0073,Tgl_2022-10-05,berlakuPada,Stage3A
ARS-0073,ARS-0387,menggantikan,Stage3B-from-status
ARS-0074,Kat_KA,mengatur,Stage3A
ARS-0074,Tgl_2022-04-28,berlakuPada,Stage3A
ARS-0075,Kat_PA,mengatur,Stage3A
ARS-0075,Tgl_2022-12-13,berlakuPada,Stage3A
Lem_BADAN_METEOROLOGIKLIMATOLOGIDAN_GEOFISIKA,ARS-0075,menerbitkan,Stage3A
Lem_BADAN_METEOROLOGIKLIMATOLOGIDAN_GEOFISIKA,ARS-0077,menerbitkan,Stage3A
Lem_BADAN_METEOROLOGIKLIMATOLOGIDAN_GEOFISIKA,ARS-0166,menerbitkan,Stage3A
Lem_BADAN_METEOROLOGIKLIMATOLOGIDAN_GEOFISIKA,ARS-0202,menerbitkan,Stage3A
Lem_BADAN_METEOROLOGIKLIMATOLOGIDAN_GEOFISIKA,ARS-0441,menerbitkan,Stage3A
Lem_BADAN_METEOROLOGIKLIMATOLOGIDAN_GEOFISIKA,ARS-0457,menerbitkan,Stage3A
Lem_BADAN_METEOROLOGIKLIMATOLOGIDAN_GEOFISIKA,ARS-0510,menerbitkan,Stage3A
ARS-0076,Kat_JRA,mengatur,Stage3A
ARS-0076,Tgl_2022-12-29,berlakuPada,Stage3A
Lem_KOMISI_PENGAWAS_PERSAINGAN_USAHA,ARS-0076,menerbitkan,Stage3A
ARS-0077,Kat_SKKAAD,mengatur,Stage3A
ARS-0077,Tgl_2022-08-22,berlakuPada,Stage3A
ARS-0078,Kat_JRA,mengatur,Stage3A
ARS-0078,Tgl_2022-03-04,berlakuPada,Stage3A
ARS-0079,Kat_PK,mengatur,Stage3A
ARS-0079,Pej_IDZA_PRIYANTI,ditetapkanOleh,Stage3A
ARS-0079,Tgl_2022-11-21,berlakuPada,Stage3A
Lem_KABUPATEN_BREBES,ARS-0079,menerbitkan,Stage3A
ARS-0080,Kat_PK,mengatur,Stage3A
ARS-0080,Tgl_2021-10-25,berlakuPada,Stage3A
ARS-0081,Kat_SKKAAD,mengatur,Stage3A
ARS-0081,Tgl_2021-08-10,berlakuPada,Stage3A
Lem_KEMENTERIAN_PEKERJAAN_UMUM_DAN_PERUMAHAN_RAKYAT,ARS-0081,menerbitkan,Stage3A
Lem_KEMENTERIAN_PEKERJAAN_UMUM_DAN_PERUMAHAN_RAKYAT,ARS-0088,menerbitkan,Stage3A
Lem_KEMENTERIAN_PEKERJAAN_UMUM_DAN_PERUMAHAN_RAKYAT,ARS-0181,menerbitkan,Stage3A
Lem_KEMENTERIAN_PEKERJAAN_UMUM_DAN_PERUMAHAN_RAKYAT,ARS-0302,menerbitkan,Stage3A
ARS-0082,Kat_PA,mengatur,Stage3A
ARS-0082,Tgl_2021-10-19,berlakuPada,Stage3A
ARS-0083,Kat_PA,mengatur,Stage3A
ARS-0083,Tgl_2021-10-07,berlakuPada,Stage3A
ARS-0084,Kat_PA,mengatur,Stage3A
ARS-0084,Tgl_2021-10-19,berlakuPada,Stage3A
ARS-0085,Kat_KA,mengatur,Stage3A
ARS-0085,Tgl_2021-06-02,berlakuPada,Stage3A
ARS-0086,Kat_PK,mengatur,Stage3A
ARS-0086,Tgl_2021-12-02,berlakuPada,Stage3A
ARS-0086,ARS-0137,menggantikan,Stage3B-from-status
ARS-0086,ARS-0547,menggantikan,Stage3B-from-status
Lem_KEMENTERIAN_PERTAHANAN,ARS-0086,menerbitkan,Stage3A
Lem_KEMENTERIAN_PERTAHANAN,ARS-0137,menerbitkan,Stage3A
Lem_KEMENTERIAN_PERTAHANAN,ARS-0193,menerbitkan,Stage3A
Lem_KEMENTERIAN_PERTAHANAN,ARS-0228,menerbitkan,Stage3A
Lem_KEMENTERIAN_PERTAHANAN,ARS-0243,menerbitkan,Stage3A
Lem_KEMENTERIAN_PERTAHANAN,ARS-0244,menerbitkan,Stage3A
Lem_KEMENTERIAN_PERTAHANAN,ARS-0245,menerbitkan,Stage3A
Lem_KEMENTERIAN_PERTAHANAN,ARS-0246,menerbitkan,Stage3A
Lem_KEMENTERIAN_PERTAHANAN,ARS-0247,menerbitkan,Stage3A
Lem_KEMENTERIAN_PERTAHANAN,ARS-0292,menerbitkan,Stage3A
Lem_KEMENTERIAN_PERTAHANAN,ARS-0433,menerbitkan,Stage3A
Lem_KEMENTERIAN_PERTAHANAN,ARS-0505,menerbitkan,Stage3A
Lem_KEMENTERIAN_PERTAHANAN,ARS-0547,menerbitkan,Stage3A
Lem_KEMENTERIAN_PERTAHANAN,ARS-0559,menerbitkan,Stage3A
Lem_KEMENTERIAN_PERTAHANAN,ARS-0560,menerbitkan,Stage3A
Lem_KEMENTERIAN_PERTAHANAN,ARS-0562,menerbitkan,Stage3A
ARS-0087,Kat_PK,mengatur,Stage3A
ARS-0087,Tgl_2021-02-19,berlakuPada,Stage3A
ARS-0087,ARS-0294,menggantikan,Stage3B-from-status
Lem_KEMENTERIAN_KELAUTAN_DAN_PERIKANAN,ARS-0087,menerbitkan,Stage3A
Lem_KEMENTERIAN_KELAUTAN_DAN_PERIKANAN,ARS-0089,menerbitkan,Stage3A
Lem_KEMENTERIAN_KELAUTAN_DAN_PERIKANAN,ARS-0294,menerbitkan,Stage3A
Lem_KEMENTERIAN_KELAUTAN_DAN_PERIKANAN,ARS-0425,menerbitkan,Stage3A
Lem_KEMENTERIAN_KELAUTAN_DAN_PERIKANAN,ARS-0426,menerbitkan,Stage3A
ARS-0088,Kat_JRA,mengatur,Stage3A
ARS-0088,Tgl_2021-08-10,berlakuPada,Stage3A
ARS-0089,Kat_SKKAAD,mengatur,Stage3A
ARS-0089,Tgl_2021-03-22,berlakuPada,Stage3A
ARS-0090,Kat_PK,mengatur,Stage3A
ARS-0090,Tgl_2021-12-31,berlakuPada,Stage3A
ARS-0090,ARS-0238,menggantikan,Stage3B-from-status
Lem_KEMENTERIAN_KETENAGAKERJAAN,ARS-0090,menerbitkan,Stage3A
Lem_KEMENTERIAN_KETENAGAKERJAAN,ARS-0191,menerbitkan,Stage3A
Lem_KEMENTERIAN_KETENAGAKERJAAN,ARS-0192,menerbitkan,Stage3A
Lem_KEMENTERIAN_KETENAGAKERJAAN,ARS-0238,menerbitkan,Stage3A
ARS-0091,Kat_PK,mengatur,Stage3A
ARS-0091,Tgl_2021-12-29,berlakuPada,Stage3A
Lem_KEMENTERIAN_PEMBERDAYAAN_PEREMPUAN_DAN_PERLINDUNGAN_ANAK,ARS-0091,menerbitkan,Stage3A
Lem_KEMENTERIAN_PEMBERDAYAAN_PEREMPUAN_DAN_PERLINDUNGAN_ANAK,ARS-0133,menerbitkan,Stage3A
Lem_KEMENTERIAN_PEMBERDAYAAN_PEREMPUAN_DAN_PERLINDUNGAN_ANAK,ARS-0142,menerbitkan,Stage3A
Lem_KEMENTERIAN_PEMBERDAYAAN_PEREMPUAN_DAN_PERLINDUNGAN_ANAK,ARS-0150,menerbitkan,Stage3A
Lem_KEMENTERIAN_PEMBERDAYAAN_PEREMPUAN_DAN_PERLINDUNGAN_ANAK,ARS-0288,menerbitkan,Stage3A
Lem_KEMENTERIAN_PEMBERDAYAAN_PEREMPUAN_DAN_PERLINDUNGAN_ANAK,ARS-0289,menerbitkan,Stage3A
Lem_KEMENTERIAN_PEMBERDAYAAN_PEREMPUAN_DAN_PERLINDUNGAN_ANAK,ARS-0291,menerbitkan,Stage3A
Lem_KEMENTERIAN_PEMBERDAYAAN_PEREMPUAN_DAN_PERLINDUNGAN_ANAK,ARS-0357,menerbitkan,Stage3A
Lem_KEMENTERIAN_PEMBERDAYAAN_PEREMPUAN_DAN_PERLINDUNGAN_ANAK,ARS-0434,menerbitkan,Stage3A
ARS-0092,Kat_KA,mengatur,Stage3A
ARS-0092,Pej_SUGENG_SUMBARJO,ditetapkanOleh,Stage3A
ARS-0092,Tgl_2021-12-30,berlakuPada,Stage3A
ARS-0093,Kat_PK,mengatur,Stage3A
ARS-0093,Tgl_2021-12-30,berlakuPada,Stage3A
Lem_BADAN_NASIONAL_PENCARIAN_DAN_PERTOLONGAN,ARS-0093,menerbitkan,Stage3A
Lem_BADAN_NASIONAL_PENCARIAN_DAN_PERTOLONGAN,ARS-0169,menerbitkan,Stage3A
Lem_BADAN_NASIONAL_PENCARIAN_DAN_PERTOLONGAN,ARS-0279,menerbitkan,Stage3A
ARS-0094,Kat_PK,mengatur,Stage3A
ARS-0094,Tgl_2021-12-31,berlakuPada,Stage3A
Lem_BADAN_AMIL_ZAKAT_NASIONAL,ARS-0094,menerbitkan,Stage3A
ARS-0095,Kat_PK,mengatur,Stage3A
ARS-0095,Tgl_2021-07-01,berlakuPada,Stage3A
ARS-0095,ARS-0539,menggantikan,Stage3B-from-status
ARS-0096,Kat_PK,mengatur,Stage3A
ARS-0096,Tgl_2021-12-28,berlakuPada,Stage3A
ARS-0097,Kat_PA,mengatur,Stage3A
ARS-0097,Tgl_2021-12-31,berlakuPada,Stage3A
ARS-0098,Kat_SKKAAD,mengatur,Stage3A
ARS-0098,Tgl_2021-12-24,berlakuPada,Stage3A
ARS-0099,Kat_PK,mengatur,Stage3A
ARS-0099,Tgl_2021-07-01,berlakuPada,Stage3A
ARS-0100,Kat_PK,mengatur,Stage3A
ARS-0100,Tgl_2021-12-14,berlakuPada,Stage3A
Lem_BADAN_KEAMANAN_LAUT,ARS-0100,menerbitkan,Stage3A
ARS-0101,Kat_PK,mengatur,Stage3A
ARS-0101,Tgl_2021-12-10,berlakuPada,Stage3A
ARS-0102,Kat_PK,mengatur,Stage3A
ARS-0102,Tgl_2021-07-01,berlakuPada,Stage3A
ARS-0103,Kat_PK,mengatur,Stage3A
ARS-0103,Tgl_2021-12-10,berlakuPada,Stage3A
ARS-0104,Kat_PK,mengatur,Stage3A
ARS-0104,Tgl_2021-12-31,berlakuPada,Stage3A
Lem_KOMISI_NASIONAL_HAK_ASASI_MANUSIA,ARS-0104,menerbitkan,Stage3A
Lem_KOMISI_NASIONAL_HAK_ASASI_MANUSIA,ARS-0115,menerbitkan,Stage3A
Lem_KOMISI_NASIONAL_HAK_ASASI_MANUSIA,ARS-0116,menerbitkan,Stage3A
Lem_KOMISI_NASIONAL_HAK_ASASI_MANUSIA,ARS-0118,menerbitkan,Stage3A
ARS-0105,Kat_SKKAAD,mengatur,Stage3A
ARS-0105,Tgl_2021-03-30,berlakuPada,Stage3A
ARS-0105,ARS-0439,menggantikan,Stage3B-from-status
ARS-0105,ARS-0440,menggantikan,Stage3B-from-status
ARS-0105,ARS-0553,menggantikan,Stage3B-from-status
ARS-0105,ARS-0564,menggantikan,Stage3B-from-status
Lem_BADAN_NASIONAL_PENANGGULANGAN_BENCANA,ARS-0105,menerbitkan,Stage3A
Lem_BADAN_NASIONAL_PENANGGULANGAN_BENCANA,ARS-0401,menerbitkan,Stage3A
Lem_BADAN_NASIONAL_PENANGGULANGAN_BENCANA,ARS-0439,menerbitkan,Stage3A
Lem_BADAN_NASIONAL_PENANGGULANGAN_BENCANA,ARS-0440,menerbitkan,Stage3A
Lem_BADAN_NASIONAL_PENANGGULANGAN_BENCANA,ARS-0493,menerbitkan,Stage3A
Lem_BADAN_NASIONAL_PENANGGULANGAN_BENCANA,ARS-0537,menerbitkan,Stage3A
Lem_BADAN_NASIONAL_PENANGGULANGAN_BENCANA,ARS-0553,menerbitkan,Stage3A
Lem_BADAN_NASIONAL_PENANGGULANGAN_BENCANA,ARS-0564,menerbitkan,Stage3A
ARS-0106,Kat_PK,mengatur,Stage3A
ARS-0106,Pej_SALWA_ARIFIN,ditetapkanOleh,Stage3A
ARS-0106,Tgl_2021-04-14,berlakuPada,Stage3A
Lem_KABUPATEN_BONDOWOSO,ARS-0106,menerbitkan,Stage3A
ARS-0107,Kat_PK,mengatur,Stage3A
ARS-0107,Pej_MOHAMMAD_IDRIS,ditetapkanOleh,Stage3A
ARS-0107,Tgl_1970-01-01,berlakuPada,Stage3A
Lem_KOTA_DEPOK,ARS-0107,menerbitkan,Stage3A
ARS-0108,Kat_PK,mengatur,Stage3A
ARS-0108,Tgl_2020-02-12,berlakuPada,Stage3A
ARS-0108,ARS-0578,menggantikan,Stage3B-from-status
Lem_KEMENTERIAN_ENERGI_DAN_SUMBER_DAYA_MINERAL,ARS-0108,menerbitkan,Stage3A
Lem_KEMENTERIAN_ENERGI_DAN_SUMBER_DAYA_MINERAL,ARS-0112,menerbitkan,Stage3A
Lem_KEMENTERIAN_ENERGI_DAN_SUMBER_DAYA_MINERAL,ARS-0419,menerbitkan,Stage3A
Lem_KEMENTERIAN_ENERGI_DAN_SUMBER_DAYA_MINERAL,ARS-0420,menerbitkan,Stage3A
Lem_KEMENTERIAN_ENERGI_DAN_SUMBER_DAYA_MINERAL,ARS-0421,menerbitkan,Stage3A
Lem_KEMENTERIAN_ENERGI_DAN_SUMBER_DAYA_MINERAL,ARS-0422,menerbitkan,Stage3A
Lem_KEMENTERIAN_ENERGI_DAN_SUMBER_DAYA_MINERAL,ARS-0477,menerbitkan,Stage3A
Lem_KEMENTERIAN_ENERGI_DAN_SUMBER_DAYA_MINERAL,ARS-0548,menerbitkan,Stage3A
Lem_KEMENTERIAN_ENERGI_DAN_SUMBER_DAYA_MINERAL,ARS-0563,menerbitkan,Stage3A
Lem_KEMENTERIAN_ENERGI_DAN_SUMBER_DAYA_MINERAL,ARS-0567,menerbitkan,Stage3A
Lem_KEMENTERIAN_ENERGI_DAN_SUMBER_DAYA_MINERAL,ARS-0568,menerbitkan,Stage3A
Lem_KEMENTERIAN_ENERGI_DAN_SUMBER_DAYA_MINERAL,ARS-0578,menerbitkan,Stage3A
ARS-0109,Kat_JRA,mengatur,Stage3A
ARS-0109,Tgl_2020-07-15,berlakuPada,Stage3A
Lem_KEMENTERIAN_AGRARIA_DAN_TATA_RUANGBADAN_PERTANAHAN_NASIONAL,ARS-0109,menerbitkan,Stage3A
Lem_KEMENTERIAN_AGRARIA_DAN_TATA_RUANGBADAN_PERTANAHAN_NASIONAL,ARS-0180,menerbitkan,Stage3A
ARS-0110,Kat_SKKAAD,mengatur,Stage3A
ARS-0110,Tgl_2020-09-25,berlakuPada,Stage3A
ARS-0111,Kat_PK,mengatur,Stage3A
ARS-0111,Tgl_2020-01-28,berlakuPada,Stage3A
ARS-0112,Kat_PC,mengatur,Stage3A
ARS-0112,Tgl_2020-09-24,berlakuPada,Stage3A
ARS-0113,Kat_PK,mengatur,Stage3A
ARS-0113,Tgl_2020-02-11,berlakuPada,Stage3A
ARS-0114,Kat_PK,mengatur,Stage3A
ARS-0114,Tgl_2020-08-06,berlakuPada,Stage3A
ARS-0115,Kat_SKKAAD,mengatur,Stage3A
ARS-0115,Tgl_2020-12-30,berlakuPada,Stage3A
ARS-0116,Kat_KA,mengatur,Stage3A
ARS-0116,Tgl_2020-12-30,berlakuPada,Stage3A
ARS-0117,Kat_JRA,mengatur,Stage3A
ARS-0117,Tgl_2020-10-27,berlakuPada,Stage3A
Lem_BADAN_PENGAWAS_PEMILIHAN_UMUM,ARS-0117,menerbitkan,Stage3A
Lem_BADAN_PENGAWAS_PEMILIHAN_UMUM,ARS-0122,menerbitkan,Stage3A
Lem_BADAN_PENGAWAS_PEMILIHAN_UMUM,ARS-0126,menerbitkan,Stage3A
Lem_BADAN_PENGAWAS_PEMILIHAN_UMUM,ARS-0130,menerbitkan,Stage3A
Lem_BADAN_PENGAWAS_PEMILIHAN_UMUM,ARS-0212,menerbitkan,Stage3A
Lem_BADAN_PENGAWAS_PEMILIHAN_UMUM,ARS-0400,menerbitkan,Stage3A
Lem_BADAN_PENGAWAS_PEMILIHAN_UMUM,ARS-0460,menerbitkan,Stage3A
ARS-0118,Kat_JRA,mengatur,Stage3A
ARS-0118,Tgl_2020-12-30,berlakuPada,Stage3A
ARS-0119,Kat_JRA,mengatur,Stage3A
ARS-0119,Tgl_2020-12-30,berlakuPada,Stage3A
ARS-0120,Kat_KA,mengatur,Stage3A
ARS-0120,Tgl_2020-06-10,berlakuPada,Stage3A
Lem_LEMBAGA_PERLINDUNGAN_SAKSI_DAN_KORBAN,ARS-0120,menerbitkan,Stage3A
Lem_LEMBAGA_PERLINDUNGAN_SAKSI_DAN_KORBAN,ARS-0123,menerbitkan,Stage3A
ARS-0121,Kat_JRA,mengatur,Stage3A
ARS-0121,Tgl_2020-12-30,berlakuPada,Stage3A
Lem_BADAN_KOORDINASI_PENANAMAN_MODAL,ARS-0121,menerbitkan,Stage3A
Lem_BADAN_KOORDINASI_PENANAMAN_MODAL,ARS-0125,menerbitkan,Stage3A
Lem_BADAN_KOORDINASI_PENANAMAN_MODAL,ARS-0128,menerbitkan,Stage3A
ARS-0122,Kat_PK,mengatur,Stage3A
ARS-0122,Tgl_2020-10-27,berlakuPada,Stage3A
ARS-0123,Kat_SKKAAD,mengatur,Stage3A
ARS-0123,Tgl_2020-06-11,berlakuPada,Stage3A
ARS-0124,Kat_PK,mengatur,Stage3A
ARS-0124,Tgl_2020-12-11,berlakuPada,Stage3A
ARS-0125,Kat_SKKAAD,mengatur,Stage3A
ARS-0125,Tgl_2020-12-30,berlakuPada,Stage3A
ARS-0126,Kat_KA,mengatur,Stage3A
ARS-0126,Tgl_2020-10-27,berlakuPada,Stage3A
ARS-0127,Kat_SKKAAD,mengatur,Stage3A
ARS-0127,Tgl_2020-09-22,berlakuPada,Stage3A
ARS-0128,Kat_KA,mengatur,Stage3A
ARS-0128,Tgl_2020-12-30,berlakuPada,Stage3A
ARS-0129,Kat_SKKAAD,mengatur,Stage3A
ARS-0129,Tgl_2020-09-14,berlakuPada,Stage3A
Lem_LEMBAGA_KEBIJAKAN_PENGADAAN_BARANGJASA_PEMERINTAH,ARS-0129,menerbitkan,Stage3A
Lem_LEMBAGA_KEBIJAKAN_PENGADAAN_BARANGJASA_PEMERINTAH,ARS-0206,menerbitkan,Stage3A
Lem_LEMBAGA_KEBIJAKAN_PENGADAAN_BARANGJASA_PEMERINTAH,ARS-0208,menerbitkan,Stage3A
ARS-0130,Kat_PA,mengatur,Stage3A
ARS-0130,Tgl_2020-10-27,berlakuPada,Stage3A
ARS-0131,Kat_PK,mengatur,Stage3A
ARS-0131,Tgl_2020-08-31,berlakuPada,Stage3A
Lem_KABUPATEN_LUMAJANG,ARS-0131,menerbitkan,Stage3A
ARS-0132,Kat_SKKAAD,mengatur,Stage3A
ARS-0132,Tgl_2019-03-22,berlakuPada,Stage3A
Lem_KEMENTERIAN_KOORDINATOR_BIDANG_PEREKONOMIAN,ARS-0132,menerbitkan,Stage3A
ARS-0133,Kat_JRA,mengatur,Stage3A
ARS-0133,Tgl_2019-12-17,berlakuPada,Stage3A
ARS-0133,ARS-0357,menggantikan,Stage3B-from-status
ARS-0134,Kat_JRA,mengatur,Stage3A
ARS-0134,Tgl_2019-10-21,berlakuPada,Stage3A
ARS-0134,ARS-0503,menggantikan,Stage3B-from-status
Lem_KEMENTERIAN_PARIWISATA,ARS-0134,menerbitkan,Stage3A
Lem_KEMENTERIAN_PARIWISATA,ARS-0154,menerbitkan,Stage3A
ARS-0135,Kat_PA,mengatur,Stage3A
ARS-0135,Tgl_2019-10-16,berlakuPada,Stage3A
Lem_KEMENTERIAN_BADAN_USAHA_MILIK_NEGARA,ARS-0135,menerbitkan,Stage3A
Lem_KEMENTERIAN_BADAN_USAHA_MILIK_NEGARA,ARS-0178,menerbitkan,Stage3A
ARS-0136,Kat_SKKAAD,mengatur,Stage3A
ARS-0136,Tgl_2019-05-15,berlakuPada,Stage3A
Lem_KEMENTERIAN_PERENCANAAN_PEMBANGUNAN_NASIONALBADAN_PERENCANAAN_PEMBANGUNAN_NASIONAL,ARS-0136,menerbitkan,Stage3A
Lem_KEMENTERIAN_PERENCANAAN_PEMBANGUNAN_NASIONALBADAN_PERENCANAAN_PEMBANGUNAN_NASIONAL,ARS-0351,menerbitkan,Stage3A
Lem_KEMENTERIAN_PERENCANAAN_PEMBANGUNAN_NASIONALBADAN_PERENCANAAN_PEMBANGUNAN_NASIONAL,ARS-0352,menerbitkan,Stage3A
ARS-0137,Kat_PK,mengatur,Stage3A
ARS-0137,Tgl_2019-10-09,berlakuPada,Stage3A
ARS-0137,ARS-0560,menggantikan,Stage3B-from-status
ARS-0138,Kat_PA,mengatur,Stage3A
ARS-0138,Tgl_2019-08-05,berlakuPada,Stage3A
ARS-0139,Kat_PA,mengatur,Stage3A
ARS-0139,Tgl_2019-09-13,berlakuPada,Stage3A
ARS-0140,Kat_KA,mengatur,Stage3A
ARS-0140,Tgl_2019-10-08,berlakuPada,Stage3A
ARS-0141,Kat_SKKAAD,mengatur,Stage3A
ARS-0141,Tgl_2019-09-20,berlakuPada,Stage3A
ARS-0142,Kat_SKKAAD,mengatur,Stage3A
ARS-0142,Tgl_2019-12-17,berlakuPada,Stage3A
ARS-0142,ARS-0291,menggantikan,Stage3B-from-status
ARS-0143,Kat_PK,mengatur,Stage3A
ARS-0143,Tgl_2019-12-23,berlakuPada,Stage3A
ARS-0144,Kat_PK,mengatur,Stage3A
ARS-0144,Tgl_2019-10-25,berlakuPada,Stage3A
ARS-0145,Kat_JRA,mengatur,Stage3A
ARS-0145,Tgl_2019-05-20,berlakuPada,Stage3A
ARS-0146,Kat_PK,mengatur,Stage3A
ARS-0146,Tgl_2019-10-22,berlakuPada,Stage3A
Lem_KEMENTERIAN_PENDIDIKAN_DAN_KEBUDAYAAN,ARS-0146,menerbitkan,Stage3A
Lem_KEMENTERIAN_PENDIDIKAN_DAN_KEBUDAYAAN,ARS-0153,menerbitkan,Stage3A
Lem_KEMENTERIAN_PENDIDIKAN_DAN_KEBUDAYAAN,ARS-0297,menerbitkan,Stage3A
Lem_KEMENTERIAN_PENDIDIKAN_DAN_KEBUDAYAAN,ARS-0504,menerbitkan,Stage3A
ARS-0147,Kat_PK,mengatur,Stage3A
ARS-0147,Tgl_2019-10-14,berlakuPada,Stage3A
Lem_KEMENTERIAN_LINGKUNGAN_HIDUP_DAN_KEHUTANAN,ARS-0147,menerbitkan,Stage3A
Lem_KEMENTERIAN_LINGKUNGAN_HIDUP_DAN_KEHUTANAN,ARS-0186,menerbitkan,Stage3A
Lem_KEMENTERIAN_LINGKUNGAN_HIDUP_DAN_KEHUTANAN,ARS-0233,menerbitkan,Stage3A
Lem_KEMENTERIAN_LINGKUNGAN_HIDUP_DAN_KEHUTANAN,ARS-0235,menerbitkan,Stage3A
ARS-0148,Kat_JRA,mengatur,Stage3A
ARS-0148,Tgl_2019-09-20,berlakuPada,Stage3A
ARS-0149,Kat_PK,mengatur,Stage3A
ARS-0149,Tgl_2019-04-10,berlakuPada,Stage3A
ARS-0150,Kat_KA,mengatur,Stage3A
ARS-0150,Tgl_2019-12-17,berlakuPada,Stage3A
ARS-0150,ARS-0288,menggantikan,Stage3B-from-status
ARS-0151,Kat_SKKAAD,mengatur,Stage3A
ARS-0151,Tgl_2019-10-08,berlakuPada,Stage3A
ARS-0152,Kat_PA,mengatur,Stage3A
ARS-0152,Tgl_2019-08-05,berlakuPada,Stage3A
ARS-0153,Kat_KA,mengatur,Stage3A
ARS-0153,Tgl_2019-08-06,berlakuPada,Stage3A
ARS-0154,Kat_PC,mengatur,Stage3A
ARS-0154,Tgl_2019-10-22,berlakuPada,Stage3A
ARS-0155,Kat_JRA,mengatur,Stage3A
ARS-0155,Tgl_2019-10-09,berlakuPada,Stage3A
Lem_BADAN_INFORMASI_GEOSPASIAL,ARS-0155,menerbitkan,Stage3A
Lem_BADAN_INFORMASI_GEOSPASIAL,ARS-0383,menerbitkan,Stage3A
ARS-0156,Kat_SKKAAD,mengatur,Stage3A
ARS-0156,Tgl_2019-05-17,berlakuPada,Stage3A
ARS-0157,Kat_JRA,mengatur,Stage3A
ARS-0157,Tgl_2019-09-05,berlakuPada,Stage3A
ARS-0158,Kat_KA,mengatur,Stage3A
ARS-0158,Tgl_2019-03-28,berlakuPada,Stage3A
ARS-0159,Kat_JRA,mengatur,Stage3A
ARS-0159,Tgl_2019-05-17,berlakuPada,Stage3A
ARS-0160,Kat_JRA,mengatur,Stage3A
ARS-0160,Tgl_2019-12-19,berlakuPada,Stage3A
ARS-0161,Kat_SKKAAD,mengatur,Stage3A
ARS-0161,Tgl_2019-09-18,berlakuPada,Stage3A
ARS-0162,Kat_PK,mengatur,Stage3A
ARS-0162,Tgl_2019-07-31,berlakuPada,Stage3A
ARS-0162,ARS-0403,menggantikan,Stage3B-from-status
ARS-0163,Kat_PK,mengatur,Stage3A
ARS-0163,Tgl_2019-06-19,berlakuPada,Stage3A
ARS-0164,Kat_SKKAAD,mengatur,Stage3A
ARS-0164,Tgl_2019-03-26,berlakuPada,Stage3A
ARS-0165,Kat_SKKAAD,mengatur,Stage3A
ARS-0165,Tgl_2019-01-25,berlakuPada,Stage3A
ARS-0166,Kat_KA,mengatur,Stage3A
ARS-0166,Tgl_2019-03-14,berlakuPada,Stage3A
ARS-0166,ARS-0510,menggantikan,Stage3B-from-status
ARS-0167,Kat_JRA,mengatur,Stage3A
ARS-0167,Tgl_2019-03-26,berlakuPada,Stage3A
ARS-0168,Kat_PK,mengatur,Stage3A
ARS-0168,Tgl_2019-07-08,berlakuPada,Stage3A
ARS-0169,Kat_PK,mengatur,Stage3A
ARS-0169,Tgl_2019-04-10,berlakuPada,Stage3A
ARS-0170,Kat_JRA,mengatur,Stage3A
ARS-0170,Tgl_2019-02-28,berlakuPada,Stage3A
ARS-0170,ARS-0486,menggantikan,Stage3B-from-status
ARS-0171,Kat_PK,mengatur,Stage3A
ARS-0171,Tgl_2019-04-23,berlakuPada,Stage3A
Lem_KABUPATEN_BANDUNG_BARAT,ARS-0171,menerbitkan,Stage3A
ARS-0172,Kat_JRA,mengatur,Stage3A
ARS-0172,Tgl_2019-05-31,berlakuPada,Stage3A
Lem_KOTA_BANDUNG,ARS-0172,menerbitkan,Stage3A
Lem_KOTA_BANDUNG,ARS-0349,menerbitkan,Stage3A
ARS-0173,Kat_PK,mengatur,Stage3A
ARS-0173,Tgl_2019-07-22,berlakuPada,Stage3A
Lem_PROVINSI_KALIMANTAN_UTARA,ARS-0173,menerbitkan,Stage3A
ARS-0174,Kat_SKKAAD,mengatur,Stage3A
ARS-0174,Tgl_2019-08-21,berlakuPada,Stage3A
Lem_KOTA_CIREBON,ARS-0174,menerbitkan,Stage3A
ARS-0175,Kat_PK,mengatur,Stage3A
ARS-0175,Pej_JOKO_WIDODO,ditetapkanOleh,Stage3A
ARS-0175,Tgl_2019-07-31,berlakuPada,Stage3A
ARS-0175,ARS-0472,menggantikan,Stage3B-from-status
ARS-0176,Kat_PK,mengatur,Stage3A
ARS-0176,Tgl_2018-01-19,berlakuPada,Stage3A
ARS-0177,Kat_JRA,mengatur,Stage3A
ARS-0177,Tgl_2018-04-10,berlakuPada,Stage3A
ARS-0178,Kat_PK,mengatur,Stage3A
ARS-0178,Tgl_2018-04-27,berlakuPada,Stage3A
ARS-0179,Kat_SKKAAD,mengatur,Stage3A
ARS-0179,Tgl_2018-05-14,berlakuPada,Stage3A
ARS-0180,Kat_KA,mengatur,Stage3A
ARS-0180,Tgl_2018-05-23,berlakuPada,Stage3A
ARS-0181,Kat_KA,mengatur,Stage3A
ARS-0181,Tgl_2018-06-26,berlakuPada,Stage3A
ARS-0182,Kat_KA,mengatur,Stage3A
ARS-0182,Tgl_2018-07-02,berlakuPada,Stage3A
ARS-0182,ARS-0353,menggantikan,Stage3B-from-status
Lem_KEMENTERIAN_PENDAYAGUNAAN_APARATUR_NEGARA_DAN_REFORMASI_BIROKRASI,ARS-0182,menerbitkan,Stage3A
Lem_KEMENTERIAN_PENDAYAGUNAAN_APARATUR_NEGARA_DAN_REFORMASI_BIROKRASI,ARS-0290,menerbitkan,Stage3A
Lem_KEMENTERIAN_PENDAYAGUNAAN_APARATUR_NEGARA_DAN_REFORMASI_BIROKRASI,ARS-0300,menerbitkan,Stage3A
Lem_KEMENTERIAN_PENDAYAGUNAAN_APARATUR_NEGARA_DAN_REFORMASI_BIROKRASI,ARS-0353,menerbitkan,Stage3A
Lem_KEMENTERIAN_PENDAYAGUNAAN_APARATUR_NEGARA_DAN_REFORMASI_BIROKRASI,ARS-0431,menerbitkan,Stage3A
Lem_KEMENTERIAN_PENDAYAGUNAAN_APARATUR_NEGARA_DAN_REFORMASI_BIROKRASI,ARS-0435,menerbitkan,Stage3A
Lem_KEMENTERIAN_PENDAYAGUNAAN_APARATUR_NEGARA_DAN_REFORMASI_BIROKRASI,ARS-0475,menerbitkan,Stage3A
Lem_KEMENTERIAN_PENDAYAGUNAAN_APARATUR_NEGARA_DAN_REFORMASI_BIROKRASI,ARS-0476,menerbitkan,Stage3A
Lem_KEMENTERIAN_PENDAYAGUNAAN_APARATUR_NEGARA_DAN_REFORMASI_BIROKRASI,ARS-0482,menerbitkan,Stage3A
ARS-0183,Kat_PK,mengatur,Stage3A
ARS-0183,Tgl_2018-06-18,berlakuPada,Stage3A
ARS-0184,Kat_KA,mengatur,Stage3A
ARS-0184,Tgl_2018-07-03,berlakuPada,Stage3A
Lem_KEMENTERIAN_KOORDINATOR_BIDANG_KEMARITIMAN,ARS-0184,menerbitkan,Stage3A
Lem_KEMENTERIAN_KOORDINATOR_BIDANG_KEMARITIMAN,ARS-0188,menerbitkan,Stage3A
Lem_KEMENTERIAN_KOORDINATOR_BIDANG_KEMARITIMAN,ARS-0189,menerbitkan,Stage3A
Lem_KEMENTERIAN_KOORDINATOR_BIDANG_KEMARITIMAN,ARS-0293,menerbitkan,Stage3A
ARS-0185,Kat_SKKAAD,mengatur,Stage3A
ARS-0185,Tgl_2018-07-23,berlakuPada,Stage3A
Lem_KEMENTERIAN_REPUBLIK_INDONESIASET_TEKNOLOGI_DAN_PENDIDIKAN_TINGGI,ARS-0185,menerbitkan,Stage3A
Lem_KEMENTERIAN_REPUBLIK_INDONESIASET_TEKNOLOGI_DAN_PENDIDIKAN_TINGGI,ARS-0240,menerbitkan,Stage3A
ARS-0186,Kat_SKKAAD,mengatur,Stage3A
ARS-0186,Tgl_2018-08-09,berlakuPada,Stage3A
ARS-0187,Kat_SKKAAD,mengatur,Stage3A
ARS-0187,Tgl_2018-08-14,berlakuPada,Stage3A
ARS-0188,Kat_SKKAAD,mengatur,Stage3A
ARS-0188,Tgl_2018-10-10,berlakuPada,Stage3A
ARS-0189,Kat_JRA,mengatur,Stage3A
ARS-0189,Tgl_2018-09-26,berlakuPada,Stage3A
ARS-0189,ARS-0293,menggantikan,Stage3B-from-status
ARS-0190,Kat_PC,mengatur,Stage3A
ARS-0190,Tgl_2018-11-27,berlakuPada,Stage3A
Lem_KEMENTERIAN_PERHUBUNGAN,ARS-0190,menerbitkan,Stage3A
Lem_KEMENTERIAN_PERHUBUNGAN,ARS-0432,menerbitkan,Stage3A
Lem_KEMENTERIAN_PERHUBUNGAN,ARS-0436,menerbitkan,Stage3A
Lem_KEMENTERIAN_PERHUBUNGAN,ARS-0473,menerbitkan,Stage3A
ARS-0191,Kat_JRA,mengatur,Stage3A
ARS-0191,Tgl_2018-12-07,berlakuPada,Stage3A
ARS-0192,Kat_SKKAAD,mengatur,Stage3A
ARS-0192,Tgl_2018-12-12,berlakuPada,Stage3A
ARS-0193,Kat_PK,mengatur,Stage3A
ARS-0193,Tgl_2018-12-20,berlakuPada,Stage3A
ARS-0194,Kat_PA,mengatur,Stage3A
ARS-0194,Tgl_2018-01-10,berlakuPada,Stage3A
ARS-0195,Kat_PK,mengatur,Stage3A
ARS-0195,Tgl_2018-02-19,berlakuPada,Stage3A
ARS-0196,Kat_PK,mengatur,Stage3A
ARS-0196,Tgl_2018-01-19,berlakuPada,Stage3A
ARS-0197,Kat_PA,mengatur,Stage3A
ARS-0197,Tgl_2018-02-02,berlakuPada,Stage3A
ARS-0198,Kat_PK,mengatur,Stage3A
ARS-0198,Tgl_2018-02-02,berlakuPada,Stage3A
ARS-0199,Kat_PK,mengatur,Stage3A
ARS-0199,Tgl_2018-02-20,berlakuPada,Stage3A
ARS-0200,Kat_JRA,mengatur,Stage3A
ARS-0200,Tgl_2018-02-26,berlakuPada,Stage3A
Lem_BADAN_EKONOMI_KREATIF,ARS-0200,menerbitkan,Stage3A
Lem_BADAN_EKONOMI_KREATIF,ARS-0217,menerbitkan,Stage3A
Lem_BADAN_EKONOMI_KREATIF,ARS-0249,menerbitkan,Stage3A
ARS-0201,Kat_PK,mengatur,Stage3A
ARS-0201,Tgl_2018-04-04,berlakuPada,Stage3A
ARS-0202,Kat_JRA,mengatur,Stage3A
ARS-0202,Tgl_2018-04-19,berlakuPada,Stage3A
ARS-0203,Kat_PK,mengatur,Stage3A
ARS-0203,Tgl_2018-04-04,berlakuPada,Stage3A
ARS-0203,ARS-0394,menggantikan,Stage3B-from-status
ARS-0204,Kat_JRA,mengatur,Stage3A
ARS-0204,Tgl_2018-05-31,berlakuPada,Stage3A
Lem_LEMBAGA_PENERBANGAN_DAN_ANTARIKSA_NASIONAL,ARS-0204,menerbitkan,Stage3A
ARS-0205,Kat_PK,mengatur,Stage3A
ARS-0205,Tgl_2018-07-31,berlakuPada,Stage3A
ARS-0205,ARS-0388,menggantikan,Stage3B-from-status
ARS-0206,Kat_KA,mengatur,Stage3A
ARS-0206,Tgl_2018-07-18,berlakuPada,Stage3A
ARS-0207,Kat_PK,mengatur,Stage3A
ARS-0207,Tgl_2018-06-28,berlakuPada,Stage3A
ARS-0208,Kat_JRA,mengatur,Stage3A
ARS-0208,Tgl_2018-07-18,berlakuPada,Stage3A
ARS-0209,Kat_PK,mengatur,Stage3A
ARS-0209,Tgl_2018-07-31,berlakuPada,Stage3A
Lem_KOMISI_PEMBERANTASAN_KORUPSI,ARS-0209,menerbitkan,Stage3A
Lem_KOMISI_PEMBERANTASAN_KORUPSI,ARS-0256,menerbitkan,Stage3A
Lem_KOMISI_PEMBERANTASAN_KORUPSI,ARS-0264,menerbitkan,Stage3A
Lem_KOMISI_PEMBERANTASAN_KORUPSI,ARS-0265,menerbitkan,Stage3A
Lem_KOMISI_PEMBERANTASAN_KORUPSI,ARS-0328,menerbitkan,Stage3A
Lem_KOMISI_PEMBERANTASAN_KORUPSI,ARS-0337,menerbitkan,Stage3A
ARS-0210,Kat_KA,mengatur,Stage3A
ARS-0210,Tgl_2018-08-14,berlakuPada,Stage3A
ARS-0211,Kat_PK,mengatur,Stage3A
ARS-0211,Tgl_2018-09-26,berlakuPada,Stage3A
ARS-0212,Kat_SKKAAD,mengatur,Stage3A
ARS-0212,Tgl_2018-11-28,berlakuPada,Stage3A
ARS-0213,Kat_KA,mengatur,Stage3A
ARS-0213,Tgl_2018-12-13,berlakuPada,Stage3A
ARS-0214,Kat_SKKAAD,mengatur,Stage3A
ARS-0214,Tgl_2018-12-13,berlakuPada,Stage3A
ARS-0215,Kat_JRA,mengatur,Stage3A
ARS-0215,Tgl_2018-12-13,berlakuPada,Stage3A
ARS-0216,Kat_JRA,mengatur,Stage3A
ARS-0216,Tgl_2018-12-18,berlakuPada,Stage3A
ARS-0217,Kat_SKKAAD,mengatur,Stage3A
ARS-0217,Tgl_2018-12-31,berlakuPada,Stage3A
ARS-0218,Kat_PK,mengatur,Stage3A
ARS-0218,Tgl_2018-12-18,berlakuPada,Stage3A
ARS-0219,Kat_PK,mengatur,Stage3A
ARS-0219,Tgl_2018-06-29,berlakuPada,Stage3A
Lem_KOTA_BOGOR,ARS-0219,menerbitkan,Stage3A
Lem_KOTA_BOGOR,ARS-0220,menerbitkan,Stage3A
Lem_KOTA_BOGOR,ARS-0222,menerbitkan,Stage3A
ARS-0220,Kat_PK,mengatur,Stage3A
ARS-0220,Tgl_2018-06-29,berlakuPada,Stage3A
ARS-0221,Kat_PK,mengatur,Stage3A
ARS-0221,Tgl_2018-05-15,berlakuPada,Stage3A
Lem_KOTA_BANJARBARU,ARS-0221,menerbitkan,Stage3A
ARS-0222,Kat_PK,mengatur,Stage3A
ARS-0222,Tgl_2018-06-29,berlakuPada,Stage3A
ARS-0223,Kat_PK,mengatur,Stage3A
ARS-0223,Tgl_2018-06-27,berlakuPada,Stage3A
Lem_KABUPATEN_BLORA,ARS-0223,menerbitkan,Stage3A
ARS-0224,Kat_PK,mengatur,Stage3A
ARS-0224,Tgl_2018-10-16,berlakuPada,Stage3A
Lem_KABUPATEN_LUWU_TIMUR,ARS-0224,menerbitkan,Stage3A
ARS-0225,Kat_PK,mengatur,Stage3A
ARS-0225,Tgl_2018-09-28,berlakuPada,Stage3A
Lem_KABUPATEN_BLITAR,ARS-0225,menerbitkan,Stage3A
ARS-0226,Kat_PK,mengatur,Stage3A
ARS-0226,Tgl_2018-11-16,berlakuPada,Stage3A
ARS-0227,Kat_SKKAAD,mengatur,Stage3A
ARS-0227,Tgl_2017-01-06,berlakuPada,Stage3A
ARS-0228,Kat_JRA,mengatur,Stage3A
ARS-0228,Tgl_2017-01-12,berlakuPada,Stage3A
ARS-0229,Kat_JRA,mengatur,Stage3A
ARS-0229,Tgl_2017-02-16,berlakuPada,Stage3A
ARS-0230,Kat_KA,mengatur,Stage3A
ARS-0230,Tgl_2017-03-03,berlakuPada,Stage3A
ARS-0231,Kat_SKKAAD,mengatur,Stage3A
ARS-0231,Tgl_2017-03-03,berlakuPada,Stage3A
ARS-0232,Kat_PK,mengatur,Stage3A
ARS-0232,Tgl_2017-03-08,berlakuPada,Stage3A
ARS-0233,Kat_JRA,mengatur,Stage3A
ARS-0233,Tgl_2017-04-03,berlakuPada,Stage3A
ARS-0233,ARS-0423,menggantikan,Stage3B-from-status
ARS-0234,Kat_JRA,mengatur,Stage3A
ARS-0234,Tgl_2017-04-07,berlakuPada,Stage3A
ARS-0235,Kat_JRA,mengatur,Stage3A
ARS-0235,Tgl_2017-04-12,berlakuPada,Stage3A
ARS-0235,ARS-0478,menggantikan,Stage3B-from-status
ARS-0236,Kat_SKKAAD,mengatur,Stage3A
ARS-0236,Tgl_2017-05-23,berlakuPada,Stage3A
Lem_KEMENTERIAN_PERTANIAN,ARS-0236,menerbitkan,Stage3A
ARS-0237,Kat_KA,mengatur,Stage3A
ARS-0237,Tgl_2017-07-21,berlakuPada,Stage3A
ARS-0238,Kat_PK,mengatur,Stage3A
ARS-0238,Tgl_2017-10-09,berlakuPada,Stage3A
ARS-0239,Kat_PK,mengatur,Stage3A
ARS-0239,Pej_YASONNA_H_LAOLY,ditetapkanOleh,Stage3A
ARS-0239,Tgl_2017-11-21,berlakuPada,Stage3A
ARS-0240,Kat_PK,mengatur,Stage3A
ARS-0240,Tgl_2017-12-28,berlakuPada,Stage3A
ARS-0241,Kat_PA,mengatur,Stage3A
ARS-0241,Tgl_2017-12-29,berlakuPada,Stage3A
ARS-0242,Kat_KA,mengatur,Stage3A
ARS-0242,Tgl_2017-12-28,berlakuPada,Stage3A
ARS-0243,Kat_PK,mengatur,Stage3A
ARS-0243,Tgl_2017-12-29,berlakuPada,Stage3A
ARS-0244,Kat_JRA,mengatur,Stage3A
ARS-0244,Tgl_2017-12-29,berlakuPada,Stage3A
ARS-0245,Kat_PK,mengatur,Stage3A
ARS-0245,Tgl_2017-12-21,berlakuPada,Stage3A
ARS-0246,Kat_PK,mengatur,Stage3A
ARS-0246,Tgl_2018-01-08,berlakuPada,Stage3A
ARS-0247,Kat_PK,mengatur,Stage3A
ARS-0247,Tgl_2018-01-08,berlakuPada,Stage3A
ARS-0248,Kat_PK,mengatur,Stage3A
ARS-0248,Tgl_2017-01-11,berlakuPada,Stage3A
ARS-0249,Kat_KA,mengatur,Stage3A
ARS-0249,Tgl_2017-02-08,berlakuPada,Stage3A
ARS-0250,Kat_PK,mengatur,Stage3A
ARS-0250,Tgl_2017-02-10,berlakuPada,Stage3A
ARS-0251,Kat_PA,mengatur,Stage3A
ARS-0251,Tgl_2017-02-10,berlakuPada,Stage3A
ARS-0252,Kat_PK,mengatur,Stage3A
ARS-0252,Tgl_2017-02-10,berlakuPada,Stage3A
ARS-0253,Kat_PK,mengatur,Stage3A
ARS-0253,Tgl_2017-02-13,berlakuPada,Stage3A
ARS-0254,Kat_PK,mengatur,Stage3A
ARS-0254,Tgl_2017-02-20,berlakuPada,Stage3A
ARS-0255,Kat_PA,mengatur,Stage3A
ARS-0255,Tgl_2017-03-16,berlakuPada,Stage3A
ARS-0256,Kat_PK,mengatur,Stage3A
ARS-0256,Tgl_2017-04-21,berlakuPada,Stage3A
ARS-0257,Kat_PK,mengatur,Stage3A
ARS-0257,Tgl_2017-04-21,berlakuPada,Stage3A
ARS-0258,Kat_PA,mengatur,Stage3A
ARS-0258,Tgl_2017-04-21,berlakuPada,Stage3A
ARS-0259,Kat_JRA,mengatur,Stage3A
ARS-0259,Tgl_2017-05-08,berlakuPada,Stage3A
Lem_LEMBAGA_SANDI_NEGARA,ARS-0259,menerbitkan,Stage3A
Lem_LEMBAGA_SANDI_NEGARA,ARS-0261,menerbitkan,Stage3A
ARS-0260,Kat_PK,mengatur,Stage3A
ARS-0260,Tgl_2017-07-11,berlakuPada,Stage3A
ARS-0261,Kat_JRA,mengatur,Stage3A
ARS-0261,Tgl_2017-07-05,berlakuPada,Stage3A
ARS-0262,Kat_PA,mengatur,Stage3A
ARS-0262,Tgl_2017-07-19,berlakuPada,Stage3A
ARS-0263,Kat_PK,mengatur,Stage3A
ARS-0263,Tgl_2017-08-04,berlakuPada,Stage3A
ARS-0264,Kat_JRA,mengatur,Stage3A
ARS-0264,Tgl_2017-08-03,berlakuPada,Stage3A
ARS-0265,Kat_SKKAAD,mengatur,Stage3A
ARS-0265,Tgl_2017-08-03,berlakuPada,Stage3A
ARS-0266,Kat_PA,mengatur,Stage3A
ARS-0266,Tgl_2017-08-14,berlakuPada,Stage3A
ARS-0267,Kat_SKKAAD,mengatur,Stage3A
ARS-0267,Tgl_2017-08-29,berlakuPada,Stage3A
Lem_BADAN_TENAGA_NUKLIR_NASIONAL,ARS-0267,menerbitkan,Stage3A
Lem_BADAN_TENAGA_NUKLIR_NASIONAL,ARS-0377,menerbitkan,Stage3A
Lem_BADAN_TENAGA_NUKLIR_NASIONAL,ARS-0484,menerbitkan,Stage3A
ARS-0268,Kat_PK,mengatur,Stage3A
ARS-0268,Tgl_2017-10-10,berlakuPada,Stage3A
ARS-0269,Kat_PK,mengatur,Stage3A
ARS-0269,Tgl_2017-10-19,berlakuPada,Stage3A
ARS-0270,Kat_PK,mengatur,Stage3A
ARS-0270,Tgl_2017-10-31,berlakuPada,Stage3A
ARS-0271,Kat_PK,mengatur,Stage3A
ARS-0271,Tgl_2017-11-21,berlakuPada,Stage3A
Lem_BADAN_NASIONAL_PENANGGULANGAN_TERORISME,ARS-0271,menerbitkan,Stage3A
Lem_BADAN_NASIONAL_PENANGGULANGAN_TERORISME,ARS-0272,menerbitkan,Stage3A
Lem_BADAN_NASIONAL_PENANGGULANGAN_TERORISME,ARS-0273,menerbitkan,Stage3A
Lem_BADAN_NASIONAL_PENANGGULANGAN_TERORISME,ARS-0281,menerbitkan,Stage3A
ARS-0272,Kat_SKKAAD,mengatur,Stage3A
ARS-0272,Tgl_2017-11-21,berlakuPada,Stage3A
ARS-0273,Kat_KA,mengatur,Stage3A
ARS-0273,Tgl_2017-11-22,berlakuPada,Stage3A
ARS-0274,Kat_PK,mengatur,Stage3A
ARS-0274,Tgl_2017-12-19,berlakuPada,Stage3A
ARS-0274,ARS-0527,menggantikan,Stage3B-from-status
ARS-0275,Kat_PA,mengatur,Stage3A
ARS-0275,Tgl_2017-12-19,berlakuPada,Stage3A
ARS-0276,Kat_JRA,mengatur,Stage3A
ARS-0276,Tgl_2017-12-19,berlakuPada,Stage3A
ARS-0277,Kat_PK,mengatur,Stage3A
ARS-0277,Tgl_2017-12-19,berlakuPada,Stage3A
ARS-0278,Kat_PK,mengatur,Stage3A
ARS-0278,Tgl_2017-12-19,berlakuPada,Stage3A
ARS-0279,Kat_JRA,mengatur,Stage3A
ARS-0279,Tgl_2017-12-19,berlakuPada,Stage3A
ARS-0280,Kat_PK,mengatur,Stage3A
ARS-0280,Tgl_2017-12-19,berlakuPada,Stage3A
ARS-0281,Kat_JRA,mengatur,Stage3A
ARS-0281,Tgl_2017-11-28,berlakuPada,Stage3A
ARS-0282,Kat_PA,mengatur,Stage3A
ARS-0282,Tgl_2018-01-16,berlakuPada,Stage3A
Lem_PUSAT_PELAPORAN_DAN_ANALISIS_TRANSAKSI_KEUANGAN,ARS-0282,menerbitkan,Stage3A
Lem_PUSAT_PELAPORAN_DAN_ANALISIS_TRANSAKSI_KEUANGAN,ARS-0464,menerbitkan,Stage3A
ARS-0283,Kat_PK,mengatur,Stage3A
ARS-0283,Tgl_2017-10-11,berlakuPada,Stage3A
Lem_PROVINSI_DKI_JAKARTA,ARS-0283,menerbitkan,Stage3A
Lem_PROVINSI_DKI_JAKARTA,ARS-0574,menerbitkan,Stage3A
Lem_PROVINSI_DKI_JAKARTA,ARS-0576,menerbitkan,Stage3A
ARS-0284,Kat_PK,mengatur,Stage3A
ARS-0284,Tgl_2017-02-16,berlakuPada,Stage3A
ARS-0285,Kat_JRA,mengatur,Stage3A
ARS-0285,Tgl_2016-01-12,berlakuPada,Stage3A
ARS-0286,Kat_JRA,mengatur,Stage3A
ARS-0286,Tgl_2016-02-22,berlakuPada,Stage3A
ARS-0287,Kat_PK,mengatur,Stage3A
ARS-0287,Tgl_2016-04-29,berlakuPada,Stage3A
ARS-0287,ARS-0509,menggantikan,Stage3B-from-status
ARS-0288,Kat_KA,mengatur,Stage3A
ARS-0288,Tgl_2016-06-08,berlakuPada,Stage3A
ARS-0288,ARS-0434,menggantikan,Stage3B-from-status
ARS-0289,Kat_KA,mengatur,Stage3A
ARS-0289,Tgl_2016-06-08,berlakuPada,Stage3A
ARS-0290,Kat_PA,mengatur,Stage3A
ARS-0290,Tgl_2016-08-30,berlakuPada,Stage3A
ARS-0291,Kat_SKKAAD,mengatur,Stage3A
ARS-0291,Tgl_2016-12-08,berlakuPada,Stage3A
ARS-0292,Kat_PK,mengatur,Stage3A
ARS-0292,Tgl_2016-04-04,berlakuPada,Stage3A
ARS-0293,Kat_JRA,mengatur,Stage3A
ARS-0293,Tgl_2016-12-30,berlakuPada,Stage3A
ARS-0294,Kat_PK,mengatur,Stage3A
ARS-0294,Tgl_2016-12-29,berlakuPada,Stage3A
ARS-0295,Kat_PA,mengatur,Stage3A
ARS-0295,Pej_YASONNA_H_LAOLY,ditetapkanOleh,Stage3A
ARS-0295,Tgl_2016-12-30,berlakuPada,Stage3A
ARS-0296,Kat_SKKAAD,mengatur,Stage3A
ARS-0296,Tgl_2016-03-21,berlakuPada,Stage3A
ARS-0297,Kat_JRA,mengatur,Stage3A
ARS-0297,Tgl_2016-09-01,berlakuPada,Stage3A
ARS-0298,Kat_KA,mengatur,Stage3A
ARS-0298,Pej_YASONNA_H_LAOLY,ditetapkanOleh,Stage3A
ARS-0298,Tgl_2016-12-30,berlakuPada,Stage3A
ARS-0299,Kat_PA,mengatur,Stage3A
ARS-0299,Pej_YASONNA_H_LAOLY,ditetapkanOleh,Stage3A
ARS-0299,Tgl_2016-12-30,berlakuPada,Stage3A
ARS-0300,Kat_SKKAAD,mengatur,Stage3A
ARS-0300,Tgl_2016-09-16,berlakuPada,Stage3A
ARS-0301,Kat_JRA,mengatur,Stage3A
ARS-0301,Tgl_2016-10-06,berlakuPada,Stage3A
ARS-0302,Kat_PK,mengatur,Stage3A
ARS-0302,Tgl_2016-06-27,berlakuPada,Stage3A
ARS-0303,Kat_JRA,mengatur,Stage3A
ARS-0303,Tgl_2016-08-29,berlakuPada,Stage3A
ARS-0304,Kat_PA,mengatur,Stage3A
ARS-0304,Tgl_2016-01-15,berlakuPada,Stage3A
ARS-0305,Kat_PA,mengatur,Stage3A
ARS-0305,Tgl_2016-01-15,berlakuPada,Stage3A
ARS-0306,Kat_KA,mengatur,Stage3A
ARS-0306,Tgl_2016-01-18,berlakuPada,Stage3A
ARS-0307,Kat_PK,mengatur,Stage3A
ARS-0307,Tgl_2016-02-03,berlakuPada,Stage3A
ARS-0308,Kat_PK,mengatur,Stage3A
ARS-0308,Tgl_2016-02-09,berlakuPada,Stage3A
ARS-0309,Kat_PK,mengatur,Stage3A
ARS-0309,Tgl_2016-02-09,berlakuPada,Stage3A
ARS-0310,Kat_SKKAAD,mengatur,Stage3A
ARS-0310,Tgl_2016-02-09,berlakuPada,Stage3A
ARS-0311,Kat_PA,mengatur,Stage3A
ARS-0311,Tgl_2016-02-09,berlakuPada,Stage3A
ARS-0312,Kat_JRA,mengatur,Stage3A
ARS-0312,Tgl_2016-02-09,berlakuPada,Stage3A
ARS-0313,Kat_JRA,mengatur,Stage3A
ARS-0313,Tgl_2016-02-09,berlakuPada,Stage3A
ARS-0313,ARS-0449,menggantikan,Stage3B-from-status
ARS-0314,Kat_PK,mengatur,Stage3A
ARS-0314,Tgl_2016-02-17,berlakuPada,Stage3A
ARS-0315,Kat_PK,mengatur,Stage3A
ARS-0315,Tgl_2016-02-17,berlakuPada,Stage3A
ARS-0316,Kat_PK,mengatur,Stage3A
ARS-0316,Tgl_2016-02-24,berlakuPada,Stage3A
ARS-0317,Kat_JRA,mengatur,Stage3A
ARS-0317,Tgl_2016-02-29,berlakuPada,Stage3A
ARS-0318,Kat_JRA,mengatur,Stage3A
ARS-0318,Tgl_2016-02-29,berlakuPada,Stage3A
ARS-0319,Kat_PA,mengatur,Stage3A
ARS-0319,Tgl_2016-02-29,berlakuPada,Stage3A
ARS-0320,Kat_PA,mengatur,Stage3A
ARS-0320,Tgl_2016-02-29,berlakuPada,Stage3A
ARS-0321,Kat_PA,mengatur,Stage3A
ARS-0321,Tgl_2016-03-24,berlakuPada,Stage3A
ARS-0322,Kat_PK,mengatur,Stage3A
ARS-0322,Tgl_2016-03-24,berlakuPada,Stage3A
ARS-0322,ARS-0552,menggantikan,Stage3B-from-status
ARS-0323,Kat_PA,mengatur,Stage3A
ARS-0323,Tgl_2016-03-24,berlakuPada,Stage3A
ARS-0324,Kat_PK,mengatur,Stage3A
ARS-0324,Tgl_2016-05-03,berlakuPada,Stage3A
ARS-0325,Kat_PK,mengatur,Stage3A
ARS-0325,Tgl_2016-05-03,berlakuPada,Stage3A
ARS-0326,Kat_PK,mengatur,Stage3A
ARS-0326,Tgl_2016-05-03,berlakuPada,Stage3A
ARS-0326,ARS-0379,menggantikan,Stage3B-from-status
ARS-0326,ARS-0395,menggantikan,Stage3B-from-status
ARS-0326,ARS-0396,menggantikan,Stage3B-from-status
ARS-0327,Kat_PA,mengatur,Stage3A
ARS-0327,Tgl_2016-05-03,berlakuPada,Stage3A
ARS-0328,Kat_JRA,mengatur,Stage3A
ARS-0328,Tgl_2016-06-14,berlakuPada,Stage3A
ARS-0329,Kat_PK,mengatur,Stage3A
ARS-0329,Tgl_2016-10-25,berlakuPada,Stage3A
ARS-0330,Kat_PK,mengatur,Stage3A
ARS-0330,Tgl_2016-11-07,berlakuPada,Stage3A
ARS-0331,Kat_PK,mengatur,Stage3A
ARS-0331,Tgl_2016-11-09,berlakuPada,Stage3A
ARS-0332,Kat_JRA,mengatur,Stage3A
ARS-0332,Tgl_2016-11-22,berlakuPada,Stage3A
ARS-0332,ARS-0483,menggantikan,Stage3B-from-status
ARS-0333,Kat_PK,mengatur,Stage3A
ARS-0333,Tgl_2016-11-21,berlakuPada,Stage3A
ARS-0334,Kat_PK,mengatur,Stage3A
ARS-0334,Tgl_2016-02-17,berlakuPada,Stage3A
ARS-0335,Kat_PK,mengatur,Stage3A
ARS-0335,Tgl_2016-11-24,berlakuPada,Stage3A
ARS-0335,ARS-0518,menggantikan,Stage3B-from-status
ARS-0335,ARS-0524,menggantikan,Stage3B-from-status
ARS-0336,Kat_PA,mengatur,Stage3A
ARS-0336,Tgl_2016-12-23,berlakuPada,Stage3A
ARS-0337,Kat_KA,mengatur,Stage3A
ARS-0337,Tgl_2016-11-14,berlakuPada,Stage3A
ARS-0338,Kat_PK,mengatur,Stage3A
ARS-0338,Tgl_2016-12-23,berlakuPada,Stage3A
ARS-0339,Kat_PK,mengatur,Stage3A
ARS-0339,Tgl_2016-06-06,berlakuPada,Stage3A
ARS-0340,Kat_PK,mengatur,Stage3A
ARS-0340,Tgl_2016-08-26,berlakuPada,Stage3A
ARS-0341,Kat_JRA,mengatur,Stage3A
ARS-0341,Tgl_2016-08-26,berlakuPada,Stage3A
ARS-0342,Kat_PA,mengatur,Stage3A
ARS-0342,Tgl_2016-08-26,berlakuPada,Stage3A
ARS-0343,Kat_PK,mengatur,Stage3A
ARS-0343,Tgl_2016-09-02,berlakuPada,Stage3A
ARS-0344,Kat_JRA,mengatur,Stage3A
ARS-0344,Tgl_2016-09-02,berlakuPada,Stage3A
ARS-0345,Kat_PK,mengatur,Stage3A
ARS-0345,Tgl_2016-09-08,berlakuPada,Stage3A
ARS-0346,Kat_PK,mengatur,Stage3A
ARS-0346,Tgl_2016-09-29,berlakuPada,Stage3A
ARS-0347,Kat_PK,mengatur,Stage3A
ARS-0347,Tgl_2016-09-01,berlakuPada,Stage3A
ARS-0348,Kat_PK,mengatur,Stage3A
ARS-0348,Tgl_2016-12-30,berlakuPada,Stage3A
ARS-0349,Kat_PK,mengatur,Stage3A
ARS-0349,Pej_RIDWAN_KAMIL,ditetapkanOleh,Stage3A
ARS-0349,Tgl_2025-06-08,berlakuPada,Stage3A
ARS-0350,Kat_KA,mengatur,Stage3A
ARS-0350,Tgl_2015-03-31,berlakuPada,Stage3A
ARS-0351,Kat_PK,mengatur,Stage3A
ARS-0351,Tgl_2015-07-09,berlakuPada,Stage3A
ARS-0352,Kat_KA,mengatur,Stage3A
ARS-0352,Tgl_2015-08-28,berlakuPada,Stage3A
ARS-0353,Kat_KA,mengatur,Stage3A
ARS-0353,Tgl_2015-08-28,berlakuPada,Stage3A
ARS-0354,Kat_JRA,mengatur,Stage3A
ARS-0354,Tgl_2015-02-20,berlakuPada,Stage3A
ARS-0355,Kat_JRA,mengatur,Stage3A
ARS-0355,Tgl_2015-06-16,berlakuPada,Stage3A
Lem_KEMENTERIAN_KOMUNIKASI_DAN_INFORMATIKA,ARS-0355,menerbitkan,Stage3A
Lem_KEMENTERIAN_KOMUNIKASI_DAN_INFORMATIKA,ARS-0418,menerbitkan,Stage3A
Lem_KEMENTERIAN_KOMUNIKASI_DAN_INFORMATIKA,ARS-0498,menerbitkan,Stage3A
ARS-0356,Kat_SKKAAD,mengatur,Stage3A
ARS-0356,Tgl_2015-08-26,berlakuPada,Stage3A
ARS-0357,Kat_JRA,mengatur,Stage3A
ARS-0357,Tgl_2016-01-13,berlakuPada,Stage3A
ARS-0358,Kat_JRA,mengatur,Stage3A
ARS-0358,Tgl_2015-04-16,berlakuPada,Stage3A
ARS-0359,Kat_JRA,mengatur,Stage3A
ARS-0359,Tgl_2015-04-30,berlakuPada,Stage3A
ARS-0360,Kat_PK,mengatur,Stage3A
ARS-0360,Pej_MUSTARI_IRAWAN,ditetapkanOleh,Stage3A
ARS-0360,Tgl_2015-04-30,berlakuPada,Stage3A
ARS-0361,Kat_JRA,mengatur,Stage3A
ARS-0361,Tgl_2015-06-10,berlakuPada,Stage3A
ARS-0362,Kat_KA,mengatur,Stage3A
ARS-0362,Tgl_2015-04-21,berlakuPada,Stage3A
ARS-0363,Kat_JRA,mengatur,Stage3A
ARS-0363,Tgl_2015-02-03,berlakuPada,Stage3A
ARS-0364,Kat_JRA,mengatur,Stage3A
ARS-0364,Tgl_2015-03-10,berlakuPada,Stage3A
ARS-0365,Kat_JRA,mengatur,Stage3A
ARS-0365,Tgl_2015-01-26,berlakuPada,Stage3A
ARS-0366,Kat_JRA,mengatur,Stage3A
ARS-0366,Tgl_2015-01-26,berlakuPada,Stage3A
ARS-0367,Kat_JRA,mengatur,Stage3A
ARS-0367,Tgl_2015-02-03,berlakuPada,Stage3A
ARS-0368,Kat_JRA,mengatur,Stage3A
ARS-0368,Tgl_2015-02-03,berlakuPada,Stage3A
ARS-0369,Kat_JRA,mengatur,Stage3A
ARS-0369,Tgl_2015-02-03,berlakuPada,Stage3A
ARS-0370,Kat_JRA,mengatur,Stage3A
ARS-0370,Tgl_2015-02-03,berlakuPada,Stage3A
ARS-0371,Kat_JRA,mengatur,Stage3A
ARS-0371,Tgl_2015-02-03,berlakuPada,Stage3A
ARS-0372,Kat_JRA,mengatur,Stage3A
ARS-0372,Tgl_2015-01-26,berlakuPada,Stage3A
ARS-0373,Kat_JRA,mengatur,Stage3A
ARS-0373,Tgl_2015-02-03,berlakuPada,Stage3A
ARS-0374,Kat_JRA,mengatur,Stage3A
ARS-0374,Tgl_2015-04-16,berlakuPada,Stage3A
ARS-0375,Kat_JRA,mengatur,Stage3A
ARS-0375,Tgl_2015-04-16,berlakuPada,Stage3A
ARS-0376,Kat_PK,mengatur,Stage3A
ARS-0376,Tgl_2015-08-06,berlakuPada,Stage3A
ARS-0377,Kat_PK,mengatur,Stage3A
ARS-0377,Tgl_2015-05-07,berlakuPada,Stage3A
ARS-0378,Kat_JRA,mengatur,Stage3A
ARS-0378,Tgl_2015-03-10,berlakuPada,Stage3A
ARS-0379,Kat_PK,mengatur,Stage3A
ARS-0379,Tgl_2015-01-26,berlakuPada,Stage3A
ARS-0380,Kat_PK,mengatur,Stage3A
ARS-0380,Tgl_2015-06-10,berlakuPada,Stage3A
ARS-0381,Kat_JRA,mengatur,Stage3A
ARS-0381,Tgl_2015-06-10,berlakuPada,Stage3A
ARS-0382,Kat_JRA,mengatur,Stage3A
ARS-0382,Tgl_2015-06-10,berlakuPada,Stage3A
ARS-0383,Kat_SKKAAD,mengatur,Stage3A
ARS-0383,Tgl_2015-02-27,berlakuPada,Stage3A
ARS-0384,Kat_JRA,mengatur,Stage3A
ARS-0384,Tgl_2015-04-21,berlakuPada,Stage3A
ARS-0385,Kat_PK,mengatur,Stage3A
ARS-0385,Tgl_2015-07-01,berlakuPada,Stage3A
ARS-0386,Kat_PK,mengatur,Stage3A
ARS-0386,Tgl_2015-07-01,berlakuPada,Stage3A
ARS-0387,Kat_KA,mengatur,Stage3A
ARS-0387,Tgl_2015-08-06,berlakuPada,Stage3A
ARS-0388,Kat_PK,mengatur,Stage3A
ARS-0388,Tgl_2015-08-06,berlakuPada,Stage3A
ARS-0389,Kat_JRA,mengatur,Stage3A
ARS-0389,Tgl_2015-02-03,berlakuPada,Stage3A
ARS-0390,Kat_JRA,mengatur,Stage3A
ARS-0390,Tgl_2015-06-10,berlakuPada,Stage3A
ARS-0391,Kat_PK,mengatur,Stage3A
ARS-0391,Tgl_2015-06-10,berlakuPada,Stage3A
ARS-0392,Kat_PK,mengatur,Stage3A
ARS-0392,Tgl_2015-08-06,berlakuPada,Stage3A
ARS-0393,Kat_PK,mengatur,Stage3A
ARS-0393,Tgl_2015-08-06,berlakuPada,Stage3A
ARS-0394,Kat_PK,mengatur,Stage3A
ARS-0394,Tgl_2015-08-06,berlakuPada,Stage3A
ARS-0395,Kat_PK,mengatur,Stage3A
ARS-0395,Tgl_2015-01-26,berlakuPada,Stage3A
ARS-0396,Kat_PK,mengatur,Stage3A
ARS-0396,Tgl_2015-09-16,berlakuPada,Stage3A
ARS-0397,Kat_PK,mengatur,Stage3A
ARS-0397,Tgl_2015-09-16,berlakuPada,Stage3A
ARS-0398,Kat_PK,mengatur,Stage3A
ARS-0398,Tgl_2015-09-16,berlakuPada,Stage3A
ARS-0399,Kat_PK,mengatur,Stage3A
ARS-0399,Tgl_2015-09-16,berlakuPada,Stage3A
ARS-0400,Kat_KA,mengatur,Stage3A
ARS-0400,Tgl_2015-09-25,berlakuPada,Stage3A
ARS-0401,Kat_KA,mengatur,Stage3A
ARS-0401,Tgl_2015-09-30,berlakuPada,Stage3A
ARS-0402,Kat_PK,mengatur,Stage3A
ARS-0402,Tgl_2015-10-21,berlakuPada,Stage3A
ARS-0403,Kat_PK,mengatur,Stage3A
ARS-0403,Tgl_2015-10-21,berlakuPada,Stage3A
ARS-0404,Kat_JRA,mengatur,Stage3A
ARS-0404,Tgl_2015-12-04,berlakuPada,Stage3A
ARS-0405,Kat_KA,mengatur,Stage3A
ARS-0405,Tgl_2015-12-28,berlakuPada,Stage3A
Lem_LEMBAGA_ADMINISTRASI_NEGARA,ARS-0405,menerbitkan,Stage3A
ARS-0406,Kat_PK,mengatur,Stage3A
ARS-0406,Tgl_2015-12-31,berlakuPada,Stage3A
ARS-0407,Kat_JRA,mengatur,Stage3A
ARS-0407,Tgl_2015-12-31,berlakuPada,Stage3A
ARS-0408,Kat_PA,mengatur,Stage3A
ARS-0408,Tgl_2015-12-31,berlakuPada,Stage3A
ARS-0409,Kat_PK,mengatur,Stage3A
ARS-0409,Tgl_2015-12-31,berlakuPada,Stage3A
ARS-0410,Kat_PK,mengatur,Stage3A
ARS-0410,Tgl_2015-12-31,berlakuPada,Stage3A
ARS-0411,Kat_PK,mengatur,Stage3A
ARS-0411,Tgl_2015-12-31,berlakuPada,Stage3A
ARS-0412,Kat_PK,mengatur,Stage3A
ARS-0412,Tgl_2015-12-31,berlakuPada,Stage3A
ARS-0413,Kat_PK,mengatur,Stage3A
ARS-0413,Tgl_2016-01-14,berlakuPada,Stage3A
Lem_BADAN_PENGAWASAN_KEUANGAN_DAN_PEMBANGUNAN,ARS-0413,menerbitkan,Stage3A
ARS-0414,Kat_PK,mengatur,Stage3A
Lem_KOTA_TASIKMALAYA,ARS-0414,menerbitkan,Stage3A
ARS-0415,Kat_PK,mengatur,Stage3A
ARS-0415,Tgl_1970-01-01,berlakuPada,Stage3A
Lem_KOTA_PANGKAL_PINANG,ARS-0415,menerbitkan,Stage3A
ARS-0416,Kat_PK,mengatur,Stage3A
ARS-0416,Tgl_2015-07-28,berlakuPada,Stage3A
Lem_KABUPATEN_INDRAMAYU,ARS-0416,menerbitkan,Stage3A
ARS-0417,Kat_PK,mengatur,Stage3A
ARS-0417,Tgl_2015-10-27,berlakuPada,Stage3A
ARS-0418,Kat_PK,mengatur,Stage3A
ARS-0418,Tgl_2014-02-19,berlakuPada,Stage3A
ARS-0419,Kat_JRA,mengatur,Stage3A
ARS-0419,Tgl_2014-06-03,berlakuPada,Stage3A
ARS-0420,Kat_JRA,mengatur,Stage3A
ARS-0420,Tgl_2014-06-03,berlakuPada,Stage3A
ARS-0421,Kat_JRA,mengatur,Stage3A
ARS-0421,Tgl_2014-06-03,berlakuPada,Stage3A
ARS-0422,Kat_JRA,mengatur,Stage3A
ARS-0422,Tgl_2014-06-03,berlakuPada,Stage3A
ARS-0423,Kat_JRA,mengatur,Stage3A
ARS-0423,Tgl_2014-07-11,berlakuPada,Stage3A
Lem_KEMENTERIAN_KEHUTANAN,ARS-0423,menerbitkan,Stage3A
Lem_KEMENTERIAN_KEHUTANAN,ARS-0478,menerbitkan,Stage3A
Lem_KEMENTERIAN_KEHUTANAN,ARS-0479,menerbitkan,Stage3A
Lem_KEMENTERIAN_KEHUTANAN,ARS-0549,menerbitkan,Stage3A
ARS-0424,Kat_SKKAAD,mengatur,Stage3A
ARS-0424,Tgl_2014-07-18,berlakuPada,Stage3A
Lem_KEMENTERIAN_KOORDINATOR_BIDANG_KESEJAHTERAAN_RAKYAT,ARS-0424,menerbitkan,Stage3A
Lem_KEMENTERIAN_KOORDINATOR_BIDANG_KESEJAHTERAAN_RAKYAT,ARS-0428,menerbitkan,Stage3A
Lem_KEMENTERIAN_KOORDINATOR_BIDANG_KESEJAHTERAAN_RAKYAT,ARS-0506,menerbitkan,Stage3A
Lem_KEMENTERIAN_KOORDINATOR_BIDANG_KESEJAHTERAAN_RAKYAT,ARS-0507,menerbitkan,Stage3A
ARS-0425,Kat_PK,mengatur,Stage3A
ARS-0425,Tgl_2014-10-17,berlakuPada,Stage3A
ARS-0426,Kat_PK,mengatur,Stage3A
ARS-0426,Tgl_2014-10-17,berlakuPada,Stage3A
ARS-0427,Kat_PK,mengatur,Stage3A
ARS-0427,Tgl_2014-12-31,berlakuPada,Stage3A
ARS-0428,Kat_JRA,mengatur,Stage3A
ARS-0428,Tgl_2014-07-18,berlakuPada,Stage3A
ARS-0429,Kat_JRA,mengatur,Stage3A
ARS-0429,Tgl_2014-10-15,berlakuPada,Stage3A
ARS-0430,Kat_JRA,mengatur,Stage3A
ARS-0430,Tgl_2014-10-15,berlakuPada,Stage3A
ARS-0431,Kat_JRA,mengatur,Stage3A
ARS-0431,Tgl_2014-08-12,berlakuPada,Stage3A
ARS-0432,Kat_JRA,mengatur,Stage3A
ARS-0432,Tgl_2014-12-31,berlakuPada,Stage3A
ARS-0433,Kat_JRA,mengatur,Stage3A
ARS-0433,Tgl_2014-09-11,berlakuPada,Stage3A
ARS-0434,Kat_KA,mengatur,Stage3A
ARS-0434,Tgl_2014-08-12,berlakuPada,Stage3A
ARS-0435,Kat_PK,mengatur,Stage3A
ARS-0435,Tgl_2014-12-05,berlakuPada,Stage3A
ARS-0436,Kat_JRA,mengatur,Stage3A
ARS-0436,Tgl_2014-12-31,berlakuPada,Stage3A
ARS-0437,Kat_PK,mengatur,Stage3A
ARS-0437,Tgl_2014-04-02,berlakuPada,Stage3A
ARS-0438,Kat_JRA,mengatur,Stage3A
ARS-0438,Tgl_2014-11-18,berlakuPada,Stage3A
Lem_LEMBAGA_ILMU_PENGETAHUAN_INDONESIA,ARS-0438,menerbitkan,Stage3A
ARS-0439,Kat_SKKAAD,mengatur,Stage3A
ARS-0439,Tgl_2014-01-11,berlakuPada,Stage3A
ARS-0440,Kat_JRA,mengatur,Stage3A
ARS-0440,Tgl_2014-03-13,berlakuPada,Stage3A
ARS-0441,Kat_JRA,mengatur,Stage3A
ARS-0441,Tgl_2014-04-01,berlakuPada,Stage3A
ARS-0442,Kat_PK,mengatur,Stage3A
ARS-0442,Tgl_2014-04-02,berlakuPada,Stage3A
ARS-0443,Kat_JRA,mengatur,Stage3A
ARS-0443,Tgl_2014-04-17,berlakuPada,Stage3A
ARS-0444,Kat_PK,mengatur,Stage3A
ARS-0444,Tgl_2014-05-19,berlakuPada,Stage3A
ARS-0445,Kat_PK,mengatur,Stage3A
ARS-0445,Tgl_2014-05-19,berlakuPada,Stage3A
ARS-0446,Kat_JRA,mengatur,Stage3A
ARS-0446,Tgl_2014-05-19,berlakuPada,Stage3A
ARS-0447,Kat_PK,mengatur,Stage3A
ARS-0447,Tgl_2014-10-30,berlakuPada,Stage3A
ARS-0448,Kat_PK,mengatur,Stage3A
ARS-0448,Tgl_2014-04-02,berlakuPada,Stage3A
ARS-0449,Kat_JRA,mengatur,Stage3A
ARS-0449,Tgl_2014-05-19,berlakuPada,Stage3A
ARS-0450,Kat_JRA,mengatur,Stage3A
ARS-0450,Tgl_2014-05-19,berlakuPada,Stage3A
ARS-0451,Kat_JRA,mengatur,Stage3A
ARS-0451,Tgl_2014-05-19,berlakuPada,Stage3A
ARS-0452,Kat_PK,mengatur,Stage3A
ARS-0452,Tgl_2014-10-16,berlakuPada,Stage3A
ARS-0453,Kat_PK,mengatur,Stage3A
ARS-0453,Tgl_2014-10-17,berlakuPada,Stage3A
ARS-0454,Kat_PK,mengatur,Stage3A
ARS-0454,Tgl_2014-10-17,berlakuPada,Stage3A
ARS-0455,Kat_JRA,mengatur,Stage3A
ARS-0455,Tgl_2014-12-31,berlakuPada,Stage3A
ARS-0456,Kat_JRA,mengatur,Stage3A
ARS-0456,Tgl_2014-05-19,berlakuPada,Stage3A
ARS-0457,Kat_JRA,mengatur,Stage3A
ARS-0457,Tgl_2014-10-17,berlakuPada,Stage3A
ARS-0458,Kat_PK,mengatur,Stage3A
ARS-0458,Tgl_2014-04-17,berlakuPada,Stage3A
ARS-0459,Kat_JRA,mengatur,Stage3A
ARS-0459,Tgl_2014-04-17,berlakuPada,Stage3A
ARS-0460,Kat_JRA,mengatur,Stage3A
ARS-0460,Tgl_2014-12-05,berlakuPada,Stage3A
ARS-0461,Kat_PK,mengatur,Stage3A
ARS-0461,Tgl_2014-05-19,berlakuPada,Stage3A
ARS-0462,Kat_JRA,mengatur,Stage3A
ARS-0462,Tgl_2014-05-19,berlakuPada,Stage3A
ARS-0463,Kat_JRA,mengatur,Stage3A
ARS-0463,Tgl_2014-05-19,berlakuPada,Stage3A
ARS-0464,Kat_JRA,mengatur,Stage3A
ARS-0464,Tgl_2014-08-13,berlakuPada,Stage3A
ARS-0465,Kat_JRA,mengatur,Stage3A
ARS-0465,Tgl_2014-12-31,berlakuPada,Stage3A
ARS-0466,Kat_JRA,mengatur,Stage3A
ARS-0466,Tgl_1970-01-01,berlakuPada,Stage3A
ARS-0467,Kat_PK,mengatur,Stage3A
ARS-0467,Tgl_2014-12-31,berlakuPada,Stage3A
ARS-0468,Kat_JRA,mengatur,Stage3A
ARS-0468,Tgl_2014-12-31,berlakuPada,Stage3A
ARS-0469,Kat_JRA,mengatur,Stage3A
ARS-0469,Tgl_2015-09-16,berlakuPada,Stage3A
ARS-0470,Kat_PK,mengatur,Stage3A
ARS-0470,Tgl_2014-10-16,berlakuPada,Stage3A
Lem_PROVINSI_SUMATERA_SELATAN,ARS-0470,menerbitkan,Stage3A
ARS-0471,Kat_PK,mengatur,Stage3A
ARS-0471,Tgl_1970-01-01,berlakuPada,Stage3A
Lem_PROVINSI_BANTEN,ARS-0471,menerbitkan,Stage3A
Lem_PROVINSI_BANTEN,ARS-0596,menerbitkan,Stage3A
ARS-0472,Kat_PK,mengatur,Stage3A
ARS-0472,Tgl_2014-07-23,berlakuPada,Stage3A
ARS-0473,Kat_PK,mengatur,Stage3A
ARS-0473,Tgl_2013-12-13,berlakuPada,Stage3A
ARS-0474,Kat_JRA,mengatur,Stage3A
ARS-0474,Pej_SALIM_SEGAF_AL_JUFRI,ditetapkanOleh,Stage3A
ARS-0474,Tgl_2013-10-16,berlakuPada,Stage3A
ARS-0475,Kat_JRA,mengatur,Stage3A
ARS-0475,Tgl_2013-12-30,berlakuPada,Stage3A
ARS-0476,Kat_JRA,mengatur,Stage3A
ARS-0476,Tgl_2013-12-30,berlakuPada,Stage3A
ARS-0477,Kat_JRA,mengatur,Stage3A
ARS-0477,Tgl_2013-09-05,berlakuPada,Stage3A
ARS-0478,Kat_JRA,mengatur,Stage3A
ARS-0478,Tgl_2013-07-05,berlakuPada,Stage3A
ARS-0479,Kat_PK,mengatur,Stage3A
ARS-0479,Tgl_2013-07-09,berlakuPada,Stage3A
ARS-0480,Kat_SKKAAD,mengatur,Stage3A
ARS-0480,Pej_AMIR_SYAMSUDIN,ditetapkanOleh,Stage3A
ARS-0480,Tgl_2013-02-15,berlakuPada,Stage3A
ARS-0481,Kat_JRA,mengatur,Stage3A
ARS-0481,Pej_AMIR_SYAMSUDIN,ditetapkanOleh,Stage3A
ARS-0481,Tgl_2014-01-22,berlakuPada,Stage3A
ARS-0482,Kat_JRA,mengatur,Stage3A
ARS-0482,Tgl_2014-02-06,berlakuPada,Stage3A
ARS-0483,Kat_JRA,mengatur,Stage3A
ARS-0483,Tgl_2013-10-02,berlakuPada,Stage3A
ARS-0484,Kat_PK,mengatur,Stage3A
ARS-0484,Tgl_2013-05-01,berlakuPada,Stage3A
ARS-0485,Kat_JRA,mengatur,Stage3A
ARS-0485,Tgl_2013-11-20,berlakuPada,Stage3A
ARS-0486,Kat_JRA,mengatur,Stage3A
ARS-0486,Tgl_2013-12-09,berlakuPada,Stage3A
ARS-0487,Kat_JRA,mengatur,Stage3A
ARS-0487,Tgl_2013-11-01,berlakuPada,Stage3A
ARS-0488,Kat_JRA,mengatur,Stage3A
ARS-0488,Tgl_2013-11-01,berlakuPada,Stage3A
ARS-0489,Kat_JRA,mengatur,Stage3A
ARS-0489,Tgl_2013-11-01,berlakuPada,Stage3A
ARS-0490,Kat_PK,mengatur,Stage3A
ARS-0490,Tgl_2013-04-12,berlakuPada,Stage3A
ARS-0491,Kat_PA,mengatur,Stage3A
ARS-0491,Tgl_2013-04-12,berlakuPada,Stage3A
ARS-0492,Kat_JRA,mengatur,Stage3A
ARS-0492,Tgl_2013-04-18,berlakuPada,Stage3A
ARS-0493,Kat_PK,mengatur,Stage3A
ARS-0493,Tgl_2013-09-30,berlakuPada,Stage3A
ARS-0494,Kat_PK,mengatur,Stage3A
ARS-0494,Tgl_2014-05-19,berlakuPada,Stage3A
ARS-0495,Kat_PK,mengatur,Stage3A
Lem_KABUPATEN_TANJUNG_JABUNG_TIMUR,ARS-0495,menerbitkan,Stage3A
ARS-0496,Kat_PK,mengatur,Stage3A
Lem_KABUPATEN_GARUT,ARS-0496,menerbitkan,Stage3A
ARS-0497,Kat_PK,mengatur,Stage3A
Lem_KABUPATEN_BADUNG,ARS-0497,menerbitkan,Stage3A
ARS-0498,Kat_KA,mengatur,Stage3A
ARS-0498,Tgl_2012-05-14,berlakuPada,Stage3A
ARS-0499,Kat_JRA,mengatur,Stage3A
ARS-0499,Tgl_2012-07-06,berlakuPada,Stage3A
ARS-0500,Kat_PK,mengatur,Stage3A
ARS-0500,Tgl_2012-12-19,berlakuPada,Stage3A
ARS-0501,Kat_JRA,mengatur,Stage3A
ARS-0501,Tgl_2012-11-01,berlakuPada,Stage3A
Lem_KEMENTERIAN_NEGARA_PERUMAHAN_RAKYAT,ARS-0501,menerbitkan,Stage3A
Lem_KEMENTERIAN_NEGARA_PERUMAHAN_RAKYAT,ARS-0502,menerbitkan,Stage3A
Lem_KEMENTERIAN_NEGARA_PERUMAHAN_RAKYAT,ARS-0557,menerbitkan,Stage3A
Lem_KEMENTERIAN_NEGARA_PERUMAHAN_RAKYAT,ARS-0558,menerbitkan,Stage3A
ARS-0502,Kat_PK,mengatur,Stage3A
ARS-0502,Tgl_2012-11-01,berlakuPada,Stage3A
ARS-0503,Kat_JRA,mengatur,Stage3A
ARS-0503,Tgl_2012-12-18,berlakuPada,Stage3A
ARS-0504,Kat_PK,mengatur,Stage3A
ARS-0504,Tgl_2012-09-06,berlakuPada,Stage3A
ARS-0505,Kat_PK,mengatur,Stage3A
ARS-0505,Tgl_2012-08-08,berlakuPada,Stage3A
ARS-0506,Kat_PK,mengatur,Stage3A
ARS-0506,Tgl_2012-05-08,berlakuPada,Stage3A
ARS-0507,Kat_JRA,mengatur,Stage3A
ARS-0507,Tgl_2012-12-28,berlakuPada,Stage3A
ARS-0508,Kat_KA,mengatur,Stage3A
ARS-0508,Pej_AMIR_SYAMSUDIN,ditetapkanOleh,Stage3A
ARS-0508,Tgl_2012-04-23,berlakuPada,Stage3A
ARS-0509,Kat_PK,mengatur,Stage3A
ARS-0509,Tgl_2012-12-20,berlakuPada,Stage3A
ARS-0510,Kat_PK,mengatur,Stage3A
ARS-0510,Tgl_2012-12-18,berlakuPada,Stage3A
ARS-0511,Kat_JRA,mengatur,Stage3A
ARS-0511,Tgl_2012-02-20,berlakuPada,Stage3A
ARS-0512,Kat_PK,mengatur,Stage3A
ARS-0512,Tgl_2013-11-02,berlakuPada,Stage3A
ARS-0513,Kat_PK,mengatur,Stage3A
ARS-0513,Tgl_2013-11-02,berlakuPada,Stage3A
ARS-0514,Kat_PK,mengatur,Stage3A
ARS-0514,Tgl_2013-02-11,berlakuPada,Stage3A
ARS-0515,Kat_PK,mengatur,Stage3A
ARS-0515,Tgl_2013-11-02,berlakuPada,Stage3A
ARS-0516,Kat_PK,mengatur,Stage3A
ARS-0516,Tgl_2013-11-02,berlakuPada,Stage3A
ARS-0517,Kat_PK,mengatur,Stage3A
ARS-0517,Tgl_2013-11-02,berlakuPada,Stage3A
ARS-0518,Kat_PK,mengatur,Stage3A
ARS-0518,Tgl_2013-11-02,berlakuPada,Stage3A
ARS-0519,Kat_KA,mengatur,Stage3A
ARS-0519,Tgl_2013-11-02,berlakuPada,Stage3A
ARS-0520,Kat_PK,mengatur,Stage3A
ARS-0520,Tgl_2013-02-11,berlakuPada,Stage3A
ARS-0521,Kat_PK,mengatur,Stage3A
ARS-0521,Tgl_2013-02-11,berlakuPada,Stage3A
ARS-0522,Kat_PK,mengatur,Stage3A
ARS-0522,Tgl_2013-02-11,berlakuPada,Stage3A
ARS-0523,Kat_PK,mengatur,Stage3A
ARS-0523,Tgl_2013-02-11,berlakuPada,Stage3A
ARS-0524,Kat_PK,mengatur,Stage3A
ARS-0524,Tgl_2013-02-11,berlakuPada,Stage3A
ARS-0525,Kat_PK,mengatur,Stage3A
ARS-0525,Tgl_2013-02-11,berlakuPada,Stage3A
ARS-0526,Kat_PK,mengatur,Stage3A
ARS-0526,Tgl_2013-02-11,berlakuPada,Stage3A
ARS-0527,Kat_PK,mengatur,Stage3A
ARS-0527,Tgl_2013-02-11,berlakuPada,Stage3A
ARS-0528,Kat_PK,mengatur,Stage3A
ARS-0528,Tgl_2013-02-11,berlakuPada,Stage3A
ARS-0529,Kat_PK,mengatur,Stage3A
ARS-0529,Tgl_2013-02-11,berlakuPada,Stage3A
ARS-0530,Kat_KA,mengatur,Stage3A
ARS-0530,Tgl_2013-02-11,berlakuPada,Stage3A
ARS-0531,Kat_PK,mengatur,Stage3A
ARS-0531,Tgl_2013-04-12,berlakuPada,Stage3A
ARS-0532,Kat_PK,mengatur,Stage3A
ARS-0532,Tgl_2013-02-11,berlakuPada,Stage3A
ARS-0533,Kat_JRA,mengatur,Stage3A
ARS-0533,Tgl_2013-02-11,berlakuPada,Stage3A
ARS-0534,Kat_JRA,mengatur,Stage3A
ARS-0534,Tgl_2013-02-11,berlakuPada,Stage3A
ARS-0535,Kat_JRA,mengatur,Stage3A
ARS-0535,Tgl_2013-02-11,berlakuPada,Stage3A
ARS-0536,Kat_PK,mengatur,Stage3A
ARS-0536,Tgl_2013-04-12,berlakuPada,Stage3A
ARS-0537,Kat_PK,mengatur,Stage3A
ARS-0537,Tgl_2013-02-28,berlakuPada,Stage3A
ARS-0538,Kat_PK,mengatur,Stage3A
ARS-0538,Tgl_2013-02-11,berlakuPada,Stage3A
ARS-0539,Kat_PK,mengatur,Stage3A
ARS-0539,Tgl_2013-02-11,berlakuPada,Stage3A
ARS-0540,Kat_PK,mengatur,Stage3A
ARS-0540,Tgl_2013-02-11,berlakuPada,Stage3A
ARS-0541,Kat_PK,mengatur,Stage3A
ARS-0541,Tgl_2013-02-11,berlakuPada,Stage3A
ARS-0542,Kat_PK,mengatur,Stage3A
ARS-0542,Tgl_2013-02-11,berlakuPada,Stage3A
ARS-0543,Kat_PK,mengatur,Stage3A
Lem_PROVINSI_SUMATERA_BARAT,ARS-0543,menerbitkan,Stage3A
ARS-0544,Kat_PK,mengatur,Stage3A
ARS-0544,Tgl_2012-02-27,berlakuPada,Stage3A
ARS-0544,ARS-0611,menggantikan,Stage3B-from-status
ARS-0545,Kat_PK,mengatur,Stage3A
ARS-0545,Tgl_2012-04-12,berlakuPada,Stage3A
ARS-0546,Kat_PK,mengatur,Stage3A
ARS-0546,Tgl_2012-11-19,berlakuPada,Stage3A
ARS-0547,Kat_PK,mengatur,Stage3A
ARS-0547,Tgl_2011-09-13,berlakuPada,Stage3A
ARS-0548,Kat_JRA,mengatur,Stage3A
ARS-0548,Tgl_2011-12-22,berlakuPada,Stage3A
ARS-0549,Kat_PK,mengatur,Stage3A
ARS-0549,Tgl_2011-07-06,berlakuPada,Stage3A
ARS-0550,Kat_JRA,mengatur,Stage3A
ARS-0550,Tgl_2011-09-21,berlakuPada,Stage3A
ARS-0551,Kat_PK,mengatur,Stage3A
ARS-0552,Kat_PK,mengatur,Stage3A
ARS-0553,Kat_JRA,mengatur,Stage3A
ARS-0553,Tgl_2014-10-14,berlakuPada,Stage3A
ARS-0554,Kat_PK,mengatur,Stage3A
ARS-0554,Tgl_1970-01-01,berlakuPada,Stage3A
ARS-0555,Kat_PK,mengatur,Stage3A
Lem_PROVINSI_JAWA_BARAT,ARS-0555,menerbitkan,Stage3A
Lem_PROVINSI_JAWA_BARAT,ARS-0602,menerbitkan,Stage3A
ARS-0556,Kat_JRA,mengatur,Stage3A
ARS-0556,Tgl_2010-11-22,berlakuPada,Stage3A
ARS-0557,Kat_KA,mengatur,Stage3A
ARS-0557,Tgl_2010-07-20,berlakuPada,Stage3A
ARS-0558,Kat_PK,mengatur,Stage3A
ARS-0558,Tgl_2010-07-20,berlakuPada,Stage3A
ARS-0559,Kat_PK,mengatur,Stage3A
ARS-0559,Tgl_2010-12-31,berlakuPada,Stage3A
ARS-0560,Kat_PK,mengatur,Stage3A
ARS-0560,Tgl_2010-12-31,berlakuPada,Stage3A
ARS-0561,Kat_JRA,mengatur,Stage3A
ARS-0561,Tgl_2010-12-31,berlakuPada,Stage3A
Lem_KEMENTERIAN_PENDIDIKAN_NASIONAL,ARS-0561,menerbitkan,Stage3A
ARS-0562,Kat_PK,mengatur,Stage3A
ARS-0562,Tgl_2010-12-30,berlakuPada,Stage3A
ARS-0563,Kat_PK,mengatur,Stage3A
ARS-0563,Tgl_2010-11-22,berlakuPada,Stage3A
ARS-0564,Kat_JRA,mengatur,Stage3A
ARS-0564,Tgl_2014-10-14,berlakuPada,Stage3A
ARS-0565,Kat_PK,mengatur,Stage3A
Lem_KOTA_BANJARMASIN,ARS-0565,menerbitkan,Stage3A
ARS-0566,Kat_PK,mengatur,Stage3A
ARS-0566,Tgl_2010-04-13,berlakuPada,Stage3A
Lem_PROVINSI_SULAWESI_SELATAN,ARS-0566,menerbitkan,Stage3A
ARS-0567,Kat_JRA,mengatur,Stage3A
ARS-0567,Tgl_2009-02-06,berlakuPada,Stage3A
ARS-0568,Kat_JRA,mengatur,Stage3A
ARS-0568,Tgl_2009-05-22,berlakuPada,Stage3A
ARS-0569,Kat_PK,mengatur,Stage3A
ARS-0570,Kat_PK,mengatur,Stage3A
Lem_PROVINSI_BANGKA_BELITUNG,ARS-0570,menerbitkan,Stage3A
Lem_PROVINSI_BANGKA_BELITUNG,ARS-0571,menerbitkan,Stage3A
ARS-0571,Kat_PK,mengatur,Stage3A
ARS-0572,Kat_PK,mengatur,Stage3A
Lem_PROVINSI_KALIMANTAN_TIMUR,ARS-0572,menerbitkan,Stage3A
ARS-0573,Kat_PK,mengatur,Stage3A
ARS-0573,Tgl_2007-09-28,berlakuPada,Stage3A
Lem_KEPOLISIAN_NEGARA_REPUBLIK_INDONESIA,ARS-0573,menerbitkan,Stage3A
ARS-0574,Kat_PK,mengatur,Stage3A
ARS-0574,Tgl_1970-01-01,berlakuPada,Stage3A
ARS-0575,Kat_PK,mengatur,Stage3A
ARS-0575,Tgl_1970-01-01,berlakuPada,Stage3A
Lem_KABUPATEN_PURWAKARTA,ARS-0575,menerbitkan,Stage3A
ARS-0576,Kat_PK,mengatur,Stage3A
ARS-0576,Tgl_1970-01-01,berlakuPada,Stage3A
ARS-0577,Kat_PK,mengatur,Stage3A
ARS-0578,Kat_PK,mengatur,Stage3A
ARS-0579,Kat_PK,mengatur,Stage3A
ARS-0580,Kat_PK,mengatur,Stage3A
Lem_KABUPATEN_GRESIK,ARS-0580,menerbitkan,Stage3A
ARS-0581,Kat_PK,mengatur,Stage3A
Lem_KABUPATEN_MUSI_RAWAS,ARS-0581,menerbitkan,Stage3A
ARS-0582,Kat_PK,mengatur,Stage3A
ARS-0583,Kat_PK,mengatur,Stage3A
Lem_PROVINSI_JAWA_TENGAH,ARS-0583,menerbitkan,Stage3A
Lem_PROVINSI_JAWA_TENGAH,ARS-0598,menerbitkan,Stage3A
ARS-0584,Kat_PK,mengatur,Stage3A
ARS-0584,Tgl_1970-01-01,berlakuPada,Stage3A
Lem_KOTA_CILEGON,ARS-0584,menerbitkan,Stage3A
ARS-0585,Kat_PK,mengatur,Stage3A
Lem_KABUPATEN_ACEH_UTARA,ARS-0585,menerbitkan,Stage3A
ARS-0586,Kat_PK,mengatur,Stage3A
ARS-0586,Tgl_1970-01-01,berlakuPada,Stage3A
Lem_KABUPATEN_TANAH_BUMBU,ARS-0586,menerbitkan,Stage3A
ARS-0587,Kat_PK,mengatur,Stage3A
ARS-0587,Tgl_1970-01-01,berlakuPada,Stage3A
Lem_KABUPATEN_PURBALINGGA,ARS-0587,menerbitkan,Stage3A
ARS-0588,Kat_PK,mengatur,Stage3A
ARS-0589,Kat_PK,mengatur,Stage3A
ARS-0589,Tgl_2005-10-25,berlakuPada,Stage3A
ARS-0590,Kat_PK,mengatur,Stage3A
ARS-0590,Tgl_2004-10-18,berlakuPada,Stage3A
ARS-0591,Kat_PK,mengatur,Stage3A
Lem_KABUPATEN_BANYUMAS,ARS-0591,menerbitkan,Stage3A
ARS-0592,Kat_PK,mengatur,Stage3A
ARS-0592,Tgl_1970-01-01,berlakuPada,Stage3A
Lem_KABUPATEN_MAGELANG,ARS-0592,menerbitkan,Stage3A
ARS-0593,Kat_PK,mengatur,Stage3A
ARS-0593,Tgl_2004-08-20,berlakuPada,Stage3A
Lem_KOTA_MADIUN,ARS-0593,menerbitkan,Stage3A
ARS-0594,Kat_PK,mengatur,Stage3A
ARS-0594,Tgl_1970-01-01,berlakuPada,Stage3A
Lem_KABUPATEN_TANGGAMUS,ARS-0594,menerbitkan,Stage3A
ARS-0595,Kat_PK,mengatur,Stage3A
ARS-0595,Tgl_1970-01-01,berlakuPada,Stage3A
Lem_KABUPATEN_JAYAPURA,ARS-0595,menerbitkan,Stage3A
ARS-0596,Kat_PK,mengatur,Stage3A
ARS-0597,Kat_PK,mengatur,Stage3A
ARS-0598,Kat_PK,mengatur,Stage3A
ARS-0599,Kat_PK,mengatur,Stage3A
Lem_PROVINSI_NANGGROE_ACEH_DARUSSALAM,ARS-0599,menerbitkan,Stage3A
Lem_PROVINSI_NANGGROE_ACEH_DARUSSALAM,ARS-0600,menerbitkan,Stage3A
Lem_PROVINSI_NANGGROE_ACEH_DARUSSALAM,ARS-0610,menerbitkan,Stage3A
ARS-0600,Kat_PK,mengatur,Stage3A
ARS-0601,Kat_PK,mengatur,Stage3A
ARS-0602,Kat_PK,mengatur,Stage3A
ARS-0603,Kat_PK,mengatur,Stage3A
ARS-0603,Tgl_1970-01-01,berlakuPada,Stage3A
Lem_KABUPATEN_BANTUL,ARS-0603,menerbitkan,Stage3A
ARS-0604,Kat_PK,mengatur,Stage3A
ARS-0605,Kat_PK,mengatur,Stage3A
ARS-0606,Kat_PK,mengatur,Stage3A
Lem_PROVINSI_DI_YOGYAKARTA,ARS-0606,menerbitkan,Stage3A
Lem_PROVINSI_DI_YOGYAKARTA,ARS-0607,menerbitkan,Stage3A
ARS-0607,Kat_PK,mengatur,Stage3A
ARS-0608,Kat_PK,mengatur,Stage3A
ARS-0609,Kat_PK,mengatur,Stage3A
Lem_PROVINSI_NUSA_TENGGARA_TIMUR,ARS-0609,menerbitkan,Stage3A
ARS-0610,Kat_PK,mengatur,Stage3A
ARS-0611,Kat_PK,mengatur,Stage3A
ARS-0612,Kat_PK,mengatur,Stage3A
ARS-0613,Kat_PK,mengatur,Stage3A
ARS-0613,Pej_SOEHARTO,ditetapkanOleh,Stage3A
ARS-0613,Tgl_1971-05-18,berlakuPada,Stage3A
ARS-0614,Kat_PK,mengatur,Stage3A
ARS-0614,Pej_SOEKARNO,ditetapkanOleh,Stage3A
ARS-0614,Tgl_1961-12-26,berlakuPada,Stage3A
